species;length;weight
Anabas testudineus;10.66;3.45
Anabas testudineus;6.91;3.27
Anabas testudineus;8.38;3.46
Anabas testudineus;7.57;3.36
Anabas testudineus;10.83;3.38
Anabas testudineus;9.35;3.28
Anabas testudineus;9.42;3.33
Anabas testudineus;7.92;3.13
Anabas testudineus;6.98;3.16
Anabas testudineus;8.42;3.26
Anabas testudineus;8.03;3.40
Anabas testudineus;10.27;3.16
Anabas testudineus;8.43;3.33
Anabas testudineus;7.00;3.20
Anabas testudineus;7.46;3.25
Anabas testudineus;9.41;3.21
Anabas testudineus;6.64;3.20
Anabas testudineus;8.17;3.30
Anabas testudineus;8.85;3.07
Anabas testudineus;7.83;3.16
Anabas testudineus;10.19;3.24
Anabas testudineus;9.21;3.36
Anabas testudineus;6.67;3.31
Anabas testudineus;8.25;3.32
Anabas testudineus;7.21;3.40
Anabas testudineus;9.52;3.23
Anabas testudineus;7.13;3.20
Anabas testudineus;8.97;3.25
Anabas testudineus;6.74;3.11
Anabas testudineus;7.54;3.21
Anabas testudineus;10.81;3.26
Anabas testudineus;10.56;3.41
Anabas testudineus;7.48;3.11
Anabas testudineus;8.74;3.37
Anabas testudineus;8.78;3.24
Anabas testudineus;7.16;3.48
Anabas testudineus;9.47;3.45
Anabas testudineus;7.10;3.26
Anabas testudineus;7.23;3.31
Anabas testudineus;7.88;3.30
Anabas testudineus;8.31;3.35
Anabas testudineus;7.28;3.20
Anabas testudineus;7.52;3.15
Anabas testudineus;6.88;3.29
Anabas testudineus;8.51;3.48
Anabas testudineus;9.21;3.12
Anabas testudineus;8.25;3.17
Anabas testudineus;10.13;3.34
Anabas testudineus;9.84;3.42
Anabas testudineus;8.67;3.31
Anabas testudineus;8.17;3.30
Anabas testudineus;7.45;3.09
Anabas testudineus;9.45;3.32
Anabas testudineus;7.28;3.30
Anabas testudineus;9.92;3.33
Anabas testudineus;9.26;3.25
Anabas testudineus;6.94;3.29
Anabas testudineus;8.03;3.29
Anabas testudineus;9.81;3.39
Anabas testudineus;7.61;3.29
Anabas testudineus;7.87;3.24
Anabas testudineus;6.70;3.24
Anabas testudineus;7.81;3.37
Anabas testudineus;9.74;3.26
Anabas testudineus;8.14;3.17
Anabas testudineus;7.89;3.25
Anabas testudineus;7.34;3.25
Anabas testudineus;6.86;3.34
Anabas testudineus;7.16;3.20
Anabas testudineus;9.43;3.27
Anabas testudineus;10.58;3.37
Anabas testudineus;7.69;3.31
Anabas testudineus;6.39;3.06
Anabas testudineus;8.53;3.39
Anabas testudineus;7.94;3.18
Anabas testudineus;9.73;3.32
Anabas testudineus;9.83;3.35
Anabas testudineus;9.30;3.17
Anabas testudineus;7.68;3.41
Anabas testudineus;6.85;3.26
Anabas testudineus;8.39;3.26
Anabas testudineus;8.77;3.34
Anabas testudineus;8.74;3.32
Anabas testudineus;6.87;3.23
Anabas testudineus;8.31;3.35
Anabas testudineus;9.34;3.18
Anabas testudineus;7.23;3.31
Anabas testudineus;7.33;3.45
Anabas testudineus;6.70;3.22
Anabas testudineus;7.77;3.06
Anabas testudineus;6.79;3.18
Anabas testudineus;7.22;3.28
Anabas testudineus;8.54;3.08
Anabas testudineus;7.41;3.11
Anabas testudineus;6.63;3.18
Anabas testudineus;7.20;3.47
Anabas testudineus;7.31;3.26
Anabas testudineus;8.94;3.29
Anabas testudineus;7.06;3.29
Anabas testudineus;9.40;3.44
Anabas testudineus;7.35;3.29
Anabas testudineus;8.58;3.24
Anabas testudineus;7.17;3.34
Anabas testudineus;9.41;3.31
Anabas testudineus;8.41;3.12
Anabas testudineus;7.01;3.25
Anabas testudineus;6.54;3.35
Anabas testudineus;7.08;3.25
Anabas testudineus;8.26;3.18
Anabas testudineus;8.10;3.12
Anabas testudineus;7.02;3.25
Anabas testudineus;8.15;3.27
Anabas testudineus;7.77;3.46
Anabas testudineus;9.58;3.29
Anabas testudineus;8.72;3.22
Anabas testudineus;8.58;3.44
Anabas testudineus;8.04;3.29
Anabas testudineus;7.53;3.06
Anabas testudineus;7.75;3.32
Anabas testudineus;8.41;3.24
Anabas testudineus;7.64;3.19
Anabas testudineus;10.19;3.42
Anabas testudineus;7.18;3.41
Anabas testudineus;10.58;3.38
Anabas testudineus;8.22;3.31
Anabas testudineus;8.34;3.40
Anabas testudineus;9.99;3.42
Anabas testudineus;8.57;3.25
Anabas testudineus;8.74;3.22
Anabas testudineus;7.30;3.38
Anabas testudineus;8.49;3.23
Anabas testudineus;8.62;3.24
Anabas testudineus;6.79;3.40
Anabas testudineus;9.59;3.35
Anabas testudineus;6.57;3.29
Anabas testudineus;7.90;3.33
Anabas testudineus;7.67;3.34
Anabas testudineus;9.62;3.23
Anabas testudineus;7.57;3.09
Anabas testudineus;8.21;3.31
Anabas testudineus;7.06;3.02
Anabas testudineus;9.57;3.33
Anabas testudineus;8.45;3.26
Anabas testudineus;6.98;3.34
Anabas testudineus;6.53;3.34
Anabas testudineus;6.68;3.23
Anabas testudineus;7.84;3.16
Anabas testudineus;7.34;3.16
Anabas testudineus;8.73;3.36
Anabas testudineus;8.08;3.29
Anabas testudineus;8.27;3.33
Anabas testudineus;7.92;3.26
Anabas testudineus;7.03;3.23
Anabas testudineus;6.70;3.14
Anabas testudineus;7.19;3.14
Anabas testudineus;10.76;3.20
Anabas testudineus;9.97;3.58
Anabas testudineus;6.50;3.17
Anabas testudineus;8.34;3.19
Anabas testudineus;7.44;3.26
Anabas testudineus;8.98;3.28
Anabas testudineus;7.21;3.12
Anabas testudineus;6.90;3.22
Anabas testudineus;7.82;3.16
Anabas testudineus;7.64;3.22
Anabas testudineus;9.44;3.39
Anabas testudineus;7.07;3.11
Anabas testudineus;9.59;3.31
Anabas testudineus;8.63;3.26
Anabas testudineus;8.16;3.36
Anabas testudineus;7.61;3.35
Anabas testudineus;6.84;3.34
Anabas testudineus;10.71;3.42
Anabas testudineus;6.90;3.14
Anabas testudineus;7.53;3.13
Anabas testudineus;8.86;3.35
Anabas testudineus;8.77;3.36
Anabas testudineus;6.50;3.18
Anabas testudineus;9.12;3.35
Anabas testudineus;8.36;3.36
Anabas testudineus;7.57;3.35
Anabas testudineus;7.55;3.16
Anabas testudineus;10.59;3.25
Anabas testudineus;8.77;3.11
Anabas testudineus;7.20;3.33
Anabas testudineus;8.94;3.39
Anabas testudineus;8.00;3.23
Anabas testudineus;7.68;3.15
Anabas testudineus;9.27;3.28
Anabas testudineus;9.03;3.37
Anabas testudineus;6.36;3.25
Anabas testudineus;7.85;3.37
Anabas testudineus;7.05;3.21
Anabas testudineus;9.18;3.43
Anabas testudineus;8.64;3.38
Anabas testudineus;8.64;3.12
Anabas testudineus;7.04;3.37
Anabas testudineus;7.29;3.43
Anabas testudineus;7.46;3.31
Anabas testudineus;9.06;3.29
Anabas testudineus;8.78;3.21
Anabas testudineus;9.33;3.38
Anabas testudineus;7.18;3.15
Anabas testudineus;8.25;3.18
Anabas testudineus;7.02;3.25
Anabas testudineus;9.13;3.43
Anabas testudineus;7.99;3.28
Anabas testudineus;8.78;3.11
Anabas testudineus;8.54;3.33
Anabas testudineus;6.51;3.35
Anabas testudineus;6.68;3.20
Anabas testudineus;8.95;3.30
Anabas testudineus;9.35;3.34
Anabas testudineus;6.82;3.21
Anabas testudineus;8.87;3.29
Anabas testudineus;7.55;3.26
Anabas testudineus;7.56;3.24
Anabas testudineus;8.64;3.41
Anabas testudineus;8.92;3.40
Anabas testudineus;9.33;3.36
Anabas testudineus;8.03;3.34
Anabas testudineus;7.61;3.19
Anabas testudineus;9.79;3.30
Anabas testudineus;9.80;3.24
Anabas testudineus;10.42;3.35
Anabas testudineus;9.34;3.30
Anabas testudineus;9.53;3.25
Anabas testudineus;8.95;3.27
Anabas testudineus;8.10;3.26
Anabas testudineus;7.07;3.27
Anabas testudineus;7.29;3.28
Anabas testudineus;9.21;3.37
Anabas testudineus;6.84;3.26
Anabas testudineus;8.39;3.15
Anabas testudineus;7.74;3.16
Anabas testudineus;8.49;3.33
Anabas testudineus;6.53;3.31
Anabas testudineus;7.19;3.20
Anabas testudineus;8.48;3.28
Anabas testudineus;6.98;3.31
Anabas testudineus;7.42;3.24
Anabas testudineus;8.06;3.29
Anabas testudineus;10.14;3.33
Anabas testudineus;9.41;3.18
Anabas testudineus;6.89;3.16
Anabas testudineus;8.23;3.14
Anabas testudineus;6.67;3.33
Anabas testudineus;7.36;3.13
Anabas testudineus;9.90;3.37
Anabas testudineus;8.41;3.31
Anabas testudineus;8.95;3.26
Anabas testudineus;6.53;3.05
Anabas testudineus;10.78;3.26
Anabas testudineus;9.66;3.36
Anabas testudineus;8.35;3.31
Anabas testudineus;6.87;3.14
Anabas testudineus;6.86;3.22
Anabas testudineus;8.54;3.24
Anabas testudineus;8.12;3.10
Anabas testudineus;10.31;3.20
Anabas testudineus;6.71;3.31
Anabas testudineus;9.47;3.44
Anabas testudineus;8.71;3.36
Anabas testudineus;7.90;3.16
Anabas testudineus;9.68;3.51
Anabas testudineus;8.92;3.24
Anabas testudineus;8.02;3.28
Anabas testudineus;8.79;3.36
Anabas testudineus;7.40;3.21
Anabas testudineus;7.36;3.22
Anabas testudineus;7.17;3.18
Anabas testudineus;7.49;3.08
Anabas testudineus;7.71;3.16
Anabas testudineus;7.69;3.16
Anabas testudineus;6.98;3.08
Anabas testudineus;9.47;3.53
Anabas testudineus;7.71;3.28
Anabas testudineus;6.75;3.22
Anabas testudineus;7.30;3.26
Anabas testudineus;8.73;3.33
Anabas testudineus;7.22;3.12
Anabas testudineus;7.05;3.34
Anabas testudineus;8.91;3.20
Anabas testudineus;8.10;3.19
Anabas testudineus;7.16;3.25
Anabas testudineus;7.06;3.23
Anabas testudineus;6.39;3.21
Anabas testudineus;8.94;3.18
Anabas testudineus;6.61;3.10
Anabas testudineus;6.58;3.15
Anabas testudineus;7.05;3.24
Anabas testudineus;8.00;3.34
Anabas testudineus;8.45;3.32
Anabas testudineus;7.80;3.15
Anabas testudineus;9.17;3.38
Anabas testudineus;9.24;3.11
Anabas testudineus;7.55;3.34
Anabas testudineus;7.33;3.16
Anabas testudineus;8.59;3.19
Anabas testudineus;7.94;3.23
Anabas testudineus;10.20;3.50
Anabas testudineus;7.48;3.21
Anabas testudineus;8.63;3.31
Anabas testudineus;8.66;3.35
Anabas testudineus;7.72;3.17
Anabas testudineus;6.52;3.35
Anabas testudineus;7.98;3.14
Anabas testudineus;10.62;3.45
Anabas testudineus;7.47;3.22
Anabas testudineus;7.51;3.18
Anabas testudineus;8.17;3.28
Anabas testudineus;7.84;3.17
Anabas testudineus;8.98;3.26
Anabas testudineus;8.65;3.34
Anabas testudineus;9.18;3.38
Anabas testudineus;8.98;3.26
Anabas testudineus;7.37;3.14
Anabas testudineus;7.95;3.37
Anabas testudineus;7.66;3.36
Anabas testudineus;8.80;3.42
Anabas testudineus;9.27;3.36
Anabas testudineus;7.05;3.24
Anabas testudineus;7.66;3.32
Anabas testudineus;9.13;3.32
Anabas testudineus;7.24;3.25
Anabas testudineus;7.58;3.23
Anabas testudineus;7.40;3.29
Anabas testudineus;8.68;3.38
Anabas testudineus;8.17;3.28
Anabas testudineus;10.45;3.46
Anabas testudineus;9.59;3.35
Anabas testudineus;8.27;3.15
Anabas testudineus;10.42;3.38
Anabas testudineus;7.76;3.22
Anabas testudineus;7.35;3.10
Anabas testudineus;8.42;3.27
Anabas testudineus;9.43;3.33
Anabas testudineus;9.63;3.27
Anabas testudineus;8.46;3.28
Anabas testudineus;6.72;3.14
Anabas testudineus;7.06;3.28
Anabas testudineus;8.82;3.25
Anabas testudineus;10.22;3.45
Anabas testudineus;9.39;3.38
Anabas testudineus;9.50;3.36
Anabas testudineus;9.87;3.35
Anabas testudineus;7.17;3.39
Anabas testudineus;7.64;3.38
Anabas testudineus;10.35;3.44
Anabas testudineus;8.22;3.22
Anabas testudineus;6.55;3.27
Anabas testudineus;7.01;3.24
Anabas testudineus;10.16;3.38
Anabas testudineus;6.37;3.25
Anabas testudineus;7.15;3.20
Anabas testudineus;9.85;3.25
Anabas testudineus;7.32;3.28
Anabas testudineus;8.47;3.44
Anabas testudineus;8.67;3.31
Anabas testudineus;9.26;3.34
Anabas testudineus;8.59;3.18
Anabas testudineus;7.76;3.24
Anabas testudineus;7.80;3.34
Anabas testudineus;6.88;3.34
Anabas testudineus;7.52;3.09
Anabas testudineus;7.35;3.22
Anabas testudineus;10.39;3.27
Anabas testudineus;6.86;3.15
Anabas testudineus;7.23;3.16
Anabas testudineus;8.10;3.27
Anabas testudineus;9.10;3.30
Anabas testudineus;8.57;3.36
Anabas testudineus;7.17;3.16
Anabas testudineus;7.73;3.17
Anabas testudineus;8.57;3.16
Anabas testudineus;8.11;3.06
Anabas testudineus;7.97;3.24
Anabas testudineus;8.26;3.26
Anabas testudineus;7.70;3.34
Anabas testudineus;8.40;3.27
Anabas testudineus;7.57;3.16
Anabas testudineus;7.00;3.21
Anabas testudineus;6.60;3.17
Anabas testudineus;8.92;3.24
Anabas testudineus;9.65;3.21
Anabas testudineus;7.98;3.22
Anabas testudineus;6.54;3.43
Anabas testudineus;8.34;3.12
Anabas testudineus;6.43;3.21
Anabas testudineus;10.19;3.32
Anabas testudineus;7.53;3.34
Anabas testudineus;7.44;3.11
Anabas testudineus;9.12;3.42
Anabas testudineus;8.24;3.37
Anabas testudineus;8.83;3.27
Anabas testudineus;7.94;3.18
Anabas testudineus;9.66;3.51
Anabas testudineus;8.11;3.10
Anabas testudineus;7.28;3.13
Anabas testudineus;7.29;3.36
Anabas testudineus;6.67;3.27
Anabas testudineus;9.50;3.42
Anabas testudineus;10.04;3.41
Anabas testudineus;9.31;3.39
Anabas testudineus;8.89;3.21
Anabas testudineus;7.92;3.38
Anabas testudineus;10.04;3.51
Anabas testudineus;7.21;3.26
Anabas testudineus;8.47;3.34
Anabas testudineus;7.03;3.34
Anabas testudineus;7.76;3.29
Anabas testudineus;7.47;3.34
Anabas testudineus;8.19;3.21
Anabas testudineus;8.64;3.29
Anabas testudineus;7.56;3.31
Anabas testudineus;9.64;3.41
Anabas testudineus;11.01;3.47
Anabas testudineus;10.37;3.45
Anabas testudineus;8.81;3.19
Anabas testudineus;9.20;3.12
Anabas testudineus;6.98;3.43
Anabas testudineus;8.89;3.36
Anabas testudineus;6.76;3.16
Anabas testudineus;9.82;3.17
Anabas testudineus;8.47;3.25
Anabas testudineus;9.35;3.44
Anabas testudineus;7.97;3.28
Anabas testudineus;7.71;3.34
Anabas testudineus;6.74;3.23
Anabas testudineus;9.78;3.29
Anabas testudineus;7.33;3.39
Anabas testudineus;7.55;3.06
Anabas testudineus;9.45;3.34
Anabas testudineus;7.19;3.15
Anabas testudineus;6.81;3.27
Anabas testudineus;7.66;3.24
Anabas testudineus;8.42;3.18
Anabas testudineus;10.52;3.46
Anabas testudineus;7.90;3.21
Anabas testudineus;7.28;3.08
Anabas testudineus;8.98;3.25
Anabas testudineus;7.12;3.25
Anabas testudineus;7.52;3.29
Anabas testudineus;8.47;3.32
Anabas testudineus;10.15;3.33
Anabas testudineus;6.72;3.19
Anabas testudineus;6.65;3.26
Anabas testudineus;8.57;3.58
Anabas testudineus;7.04;3.09
Anabas testudineus;7.57;3.26
Anabas testudineus;6.85;3.22
Anabas testudineus;9.18;3.14
Anabas testudineus;7.70;3.38
Anabas testudineus;9.95;3.29
Anabas testudineus;8.47;3.32
Anabas testudineus;7.06;3.12
Anabas testudineus;6.96;3.25
Anabas testudineus;7.97;3.28
Anabas testudineus;8.74;3.35
Anabas testudineus;6.89;3.27
Anabas testudineus;6.90;3.18
Anabas testudineus;8.50;3.40
Anabas testudineus;10.02;3.21
Anabas testudineus;9.03;3.17
Anabas testudineus;6.91;3.17
Anabas testudineus;7.28;3.08
Anabas testudineus;8.35;3.27
Anabas testudineus;8.18;3.25
Anabas testudineus;6.98;3.22
Anabas testudineus;6.39;3.37
Anabas testudineus;7.34;3.22
Anabas testudineus;8.42;3.15
Anabas testudineus;7.09;3.18
Anabas testudineus;9.65;3.24
Anabas testudineus;7.37;3.19
Anabas testudineus;9.12;3.08
Coilia dussumieri;23.27;2.43
Coilia dussumieri;24.15;2.34
Coilia dussumieri;25.16;2.87
Coilia dussumieri;24.21;2.61
Coilia dussumieri;25.00;3.06
Coilia dussumieri;22.97;2.55
Coilia dussumieri;24.17;2.30
Coilia dussumieri;23.81;2.80
Coilia dussumieri;24.68;2.42
Coilia dussumieri;24.24;2.46
Coilia dussumieri;23.78;2.48
Coilia dussumieri;23.15;2.76
Coilia dussumieri;23.90;3.01
Coilia dussumieri;24.96;2.56
Coilia dussumieri;25.45;3.23
Coilia dussumieri;24.88;2.70
Coilia dussumieri;24.44;2.75
Coilia dussumieri;23.75;3.00
Coilia dussumieri;24.09;3.11
Coilia dussumieri;23.62;2.54
Coilia dussumieri;25.08;2.53
Coilia dussumieri;24.54;2.66
Coilia dussumieri;24.21;2.86
Coilia dussumieri;23.62;3.17
Coilia dussumieri;24.94;2.89
Coilia dussumieri;25.46;2.93
Coilia dussumieri;25.19;3.23
Coilia dussumieri;23.50;2.77
Coilia dussumieri;25.08;2.93
Coilia dussumieri;23.19;2.88
Coilia dussumieri;24.19;2.72
Coilia dussumieri;23.93;2.72
Coilia dussumieri;24.85;2.34
Coilia dussumieri;24.21;2.34
Coilia dussumieri;24.67;3.29
Coilia dussumieri;25.43;2.24
Coilia dussumieri;25.05;2.84
Coilia dussumieri;24.89;2.86
Coilia dussumieri;25.43;3.13
Coilia dussumieri;24.31;2.69
Coilia dussumieri;24.78;2.63
Coilia dussumieri;24.81;2.78
Coilia dussumieri;24.37;2.60
Coilia dussumieri;23.50;2.79
Coilia dussumieri;23.97;3.03
Coilia dussumieri;24.60;3.05
Coilia dussumieri;24.59;2.67
Coilia dussumieri;25.30;2.80
Coilia dussumieri;23.66;3.02
Coilia dussumieri;23.64;2.55
Coilia dussumieri;24.52;2.77
Coilia dussumieri;23.66;2.62
Coilia dussumieri;24.64;2.76
Coilia dussumieri;24.00;2.69
Coilia dussumieri;23.68;2.63
Coilia dussumieri;23.52;2.41
Coilia dussumieri;24.60;2.66
Coilia dussumieri;24.63;3.08
Coilia dussumieri;23.83;2.93
Coilia dussumieri;23.56;3.15
Coilia dussumieri;24.23;2.72
Coilia dussumieri;23.71;2.96
Coilia dussumieri;24.25;2.74
Coilia dussumieri;25.00;2.76
Coilia dussumieri;25.08;2.67
Coilia dussumieri;25.19;2.90
Coilia dussumieri;24.75;2.67
Coilia dussumieri;23.70;2.93
Coilia dussumieri;23.14;2.43
Coilia dussumieri;24.33;2.85
Coilia dussumieri;24.37;2.51
Coilia dussumieri;25.36;2.82
Coilia dussumieri;24.44;2.72
Coilia dussumieri;25.15;2.66
Coilia dussumieri;24.74;2.09
Coilia dussumieri;24.59;2.49
Coilia dussumieri;23.49;2.33
Coilia dussumieri;23.33;3.15
Coilia dussumieri;23.98;3.16
Coilia dussumieri;24.98;2.86
Coilia dussumieri;23.42;2.44
Coilia dussumieri;23.46;2.87
Coilia dussumieri;24.89;2.77
Coilia dussumieri;25.16;3.00
Coilia dussumieri;24.75;2.93
Coilia dussumieri;24.74;2.84
Coilia dussumieri;24.54;3.43
Coilia dussumieri;24.56;2.67
Coilia dussumieri;24.66;2.91
Coilia dussumieri;24.36;2.85
Coilia dussumieri;24.36;2.88
Coilia dussumieri;24.41;2.62
Coilia dussumieri;24.97;2.63
Coilia dussumieri;23.30;2.46
Coilia dussumieri;25.28;3.02
Coilia dussumieri;23.87;2.72
Coilia dussumieri;23.65;2.74
Coilia dussumieri;25.64;2.83
Coilia dussumieri;24.98;2.52
Coilia dussumieri;22.69;2.76
Coilia dussumieri;23.51;2.88
Coilia dussumieri;24.10;2.71
Coilia dussumieri;23.51;2.30
Coilia dussumieri;23.46;2.64
Coilia dussumieri;24.11;2.94
Coilia dussumieri;25.47;2.94
Coilia dussumieri;25.44;2.48
Coilia dussumieri;24.46;2.83
Coilia dussumieri;23.78;2.71
Coilia dussumieri;24.50;2.67
Coilia dussumieri;23.74;2.75
Coilia dussumieri;24.62;3.15
Coilia dussumieri;23.05;2.86
Coilia dussumieri;24.21;2.95
Coilia dussumieri;24.20;2.57
Coilia dussumieri;24.97;2.53
Coilia dussumieri;23.83;3.03
Coilia dussumieri;25.10;2.86
Coilia dussumieri;24.56;2.49
Coilia dussumieri;24.00;3.07
Coilia dussumieri;25.32;2.92
Coilia dussumieri;25.48;2.52
Coilia dussumieri;23.58;2.58
Coilia dussumieri;24.68;2.58
Coilia dussumieri;25.05;3.14
Coilia dussumieri;24.09;2.82
Coilia dussumieri;25.47;2.76
Coilia dussumieri;24.55;2.35
Coilia dussumieri;25.46;3.36
Coilia dussumieri;24.75;2.32
Coilia dussumieri;24.74;2.93
Coilia dussumieri;23.92;2.97
Coilia dussumieri;24.17;2.76
Coilia dussumieri;23.47;2.93
Coilia dussumieri;24.37;2.74
Coilia dussumieri;23.93;2.86
Coilia dussumieri;25.68;2.79
Coilia dussumieri;24.86;2.85
Coilia dussumieri;24.58;2.67
Coilia dussumieri;25.59;2.95
Coilia dussumieri;24.52;3.18
Coilia dussumieri;24.24;2.64
Coilia dussumieri;24.63;3.10
Coilia dussumieri;24.87;2.74
Coilia dussumieri;24.09;2.85
Coilia dussumieri;24.16;2.63
Coilia dussumieri;24.54;2.77
Coilia dussumieri;25.14;2.60
Coilia dussumieri;24.72;3.17
Coilia dussumieri;23.91;2.56
Coilia dussumieri;24.28;2.98
Coilia dussumieri;24.29;2.59
Coilia dussumieri;24.53;2.65
Coilia dussumieri;24.70;2.97
Coilia dussumieri;24.86;2.46
Coilia dussumieri;24.30;3.16
Coilia dussumieri;23.85;2.94
Coilia dussumieri;24.71;2.89
Coilia dussumieri;24.34;2.77
Coilia dussumieri;24.54;2.36
Coilia dussumieri;23.90;2.57
Coilia dussumieri;24.64;2.98
Coilia dussumieri;23.98;3.30
Coilia dussumieri;24.00;3.17
Coilia dussumieri;24.15;3.12
Coilia dussumieri;24.21;2.49
Coilia dussumieri;25.17;2.60
Coilia dussumieri;24.58;2.51
Coilia dussumieri;24.96;2.48
Coilia dussumieri;24.22;2.51
Coilia dussumieri;25.15;2.82
Coilia dussumieri;24.10;2.62
Coilia dussumieri;24.23;2.86
Coilia dussumieri;24.47;2.90
Coilia dussumieri;24.99;2.81
Coilia dussumieri;24.10;2.69
Coilia dussumieri;23.94;3.02
Coilia dussumieri;24.04;3.03
Coilia dussumieri;24.82;2.97
Coilia dussumieri;25.04;2.68
Coilia dussumieri;24.55;2.92
Coilia dussumieri;24.62;2.68
Coilia dussumieri;24.55;2.77
Coilia dussumieri;24.63;2.38
Coilia dussumieri;25.62;2.60
Coilia dussumieri;24.98;2.72
Coilia dussumieri;23.14;2.55
Coilia dussumieri;24.10;2.43
Coilia dussumieri;24.80;2.46
Coilia dussumieri;24.24;2.89
Coilia dussumieri;23.79;2.77
Coilia dussumieri;24.29;2.40
Coilia dussumieri;25.01;2.60
Coilia dussumieri;24.50;2.97
Coilia dussumieri;25.24;3.15
Coilia dussumieri;24.69;2.27
Coilia dussumieri;24.38;2.71
Coilia dussumieri;23.83;3.02
Coilia dussumieri;23.52;3.21
Coilia dussumieri;24.81;2.58
Coilia dussumieri;23.85;2.49
Coilia dussumieri;25.04;2.71
Coilia dussumieri;23.41;2.98
Coilia dussumieri;24.90;2.68
Coilia dussumieri;23.48;2.74
Coilia dussumieri;24.69;2.82
Coilia dussumieri;24.42;2.60
Coilia dussumieri;25.49;2.69
Coilia dussumieri;24.03;2.69
Coilia dussumieri;25.02;2.64
Coilia dussumieri;25.40;2.94
Coilia dussumieri;24.43;2.88
Coilia dussumieri;24.58;2.23
Coilia dussumieri;23.34;2.69
Coilia dussumieri;24.97;2.61
Coilia dussumieri;23.57;3.20
Coilia dussumieri;24.10;2.61
Coilia dussumieri;22.98;3.27
Coilia dussumieri;24.51;2.74
Coilia dussumieri;24.16;2.73
Coilia dussumieri;24.71;3.02
Coilia dussumieri;25.42;2.88
Coilia dussumieri;24.14;2.51
Coilia dussumieri;25.76;3.02
Coilia dussumieri;23.80;2.50
Coilia dussumieri;24.14;2.85
Coilia dussumieri;24.59;3.07
Coilia dussumieri;25.06;2.90
Coilia dussumieri;24.99;2.67
Coilia dussumieri;23.92;2.87
Coilia dussumieri;24.76;2.86
Coilia dussumieri;23.30;2.64
Coilia dussumieri;23.97;2.65
Coilia dussumieri;24.17;3.01
Coilia dussumieri;23.18;2.92
Coilia dussumieri;25.02;3.04
Coilia dussumieri;24.65;2.82
Coilia dussumieri;24.30;2.99
Coilia dussumieri;23.99;2.54
Coilia dussumieri;24.41;2.96
Coilia dussumieri;25.25;2.90
Coilia dussumieri;24.76;3.01
Coilia dussumieri;24.05;2.30
Coilia dussumieri;24.60;2.52
Coilia dussumieri;25.53;2.15
Coilia dussumieri;23.58;3.00
Coilia dussumieri;23.31;3.17
Coilia dussumieri;23.15;3.23
Coilia dussumieri;24.03;2.94
Coilia dussumieri;24.02;2.38
Coilia dussumieri;24.39;3.09
Coilia dussumieri;23.57;2.84
Coilia dussumieri;24.68;2.50
Coilia dussumieri;23.60;2.60
Coilia dussumieri;23.64;2.74
Coilia dussumieri;22.73;2.71
Coilia dussumieri;23.72;2.62
Coilia dussumieri;25.40;2.46
Coilia dussumieri;24.45;3.07
Coilia dussumieri;24.08;2.87
Coilia dussumieri;24.43;2.62
Coilia dussumieri;24.66;2.88
Coilia dussumieri;24.65;2.62
Coilia dussumieri;24.10;2.69
Coilia dussumieri;25.58;2.57
Coilia dussumieri;24.12;2.47
Coilia dussumieri;25.28;2.78
Coilia dussumieri;24.04;2.73
Coilia dussumieri;24.06;3.07
Coilia dussumieri;23.22;2.45
Coilia dussumieri;23.69;2.27
Coilia dussumieri;24.71;2.54
Coilia dussumieri;22.62;2.37
Coilia dussumieri;25.32;2.85
Coilia dussumieri;24.33;2.67
Coilia dussumieri;24.88;2.91
Coilia dussumieri;24.09;2.20
Coilia dussumieri;24.58;2.58
Coilia dussumieri;23.45;2.94
Coilia dussumieri;22.86;2.73
Coilia dussumieri;24.63;2.70
Coilia dussumieri;23.35;2.33
Coilia dussumieri;25.58;3.12
Coilia dussumieri;23.84;2.99
Coilia dussumieri;24.66;2.54
Coilia dussumieri;24.75;2.57
Coilia dussumieri;24.08;2.60
Coilia dussumieri;24.62;2.52
Coilia dussumieri;24.95;2.80
Coilia dussumieri;23.73;2.30
Coilia dussumieri;25.11;2.47
Coilia dussumieri;24.76;2.75
Coilia dussumieri;24.78;2.51
Coilia dussumieri;25.25;2.72
Coilia dussumieri;23.62;2.72
Coilia dussumieri;24.69;2.42
Coilia dussumieri;23.94;2.82
Coilia dussumieri;24.85;3.55
Coilia dussumieri;23.77;2.71
Coilia dussumieri;24.13;2.75
Coilia dussumieri;23.95;2.41
Coilia dussumieri;24.36;3.15
Coilia dussumieri;24.19;2.52
Coilia dussumieri;25.02;3.00
Coilia dussumieri;24.53;2.44
Coilia dussumieri;25.36;3.04
Coilia dussumieri;25.40;2.94
Coilia dussumieri;24.20;2.65
Coilia dussumieri;23.33;3.00
Coilia dussumieri;24.05;2.64
Coilia dussumieri;23.86;2.50
Coilia dussumieri;25.43;2.99
Coilia dussumieri;23.60;2.42
Coilia dussumieri;24.73;2.95
Coilia dussumieri;23.96;2.52
Coilia dussumieri;24.28;2.48
Coilia dussumieri;24.64;2.66
Coilia dussumieri;24.24;2.19
Coilia dussumieri;23.30;2.74
Coilia dussumieri;24.85;2.81
Coilia dussumieri;25.40;2.69
Coilia dussumieri;24.25;2.61
Coilia dussumieri;24.75;3.00
Coilia dussumieri;25.57;2.29
Coilia dussumieri;23.94;2.92
Coilia dussumieri;24.73;2.90
Coilia dussumieri;23.85;2.76
Coilia dussumieri;24.04;2.47
Coilia dussumieri;24.55;2.78
Coilia dussumieri;22.79;3.13
Coilia dussumieri;22.86;2.65
Coilia dussumieri;24.24;2.45
Coilia dussumieri;24.12;2.83
Coilia dussumieri;24.67;2.87
Coilia dussumieri;24.82;2.92
Coilia dussumieri;23.92;2.47
Coilia dussumieri;23.81;2.92
Coilia dussumieri;24.22;2.97
Coilia dussumieri;23.94;2.66
Coilia dussumieri;24.34;2.85
Coilia dussumieri;24.41;2.88
Coilia dussumieri;23.86;2.86
Coilia dussumieri;24.46;2.67
Coilia dussumieri;24.13;2.83
Coilia dussumieri;22.97;3.23
Coilia dussumieri;24.04;2.47
Coilia dussumieri;24.62;2.33
Coilia dussumieri;25.16;3.04
Coilia dussumieri;24.33;2.37
Coilia dussumieri;23.05;2.52
Coilia dussumieri;24.83;2.89
Coilia dussumieri;23.89;2.60
Coilia dussumieri;25.00;2.05
Coilia dussumieri;23.67;2.42
Coilia dussumieri;24.65;2.58
Coilia dussumieri;25.72;2.82
Coilia dussumieri;24.53;2.51
Coilia dussumieri;25.05;2.63
Coilia dussumieri;25.13;2.34
Coilia dussumieri;23.20;2.73
Coilia dussumieri;23.97;3.14
Coilia dussumieri;23.29;3.00
Coilia dussumieri;23.61;3.06
Coilia dussumieri;23.76;2.72
Coilia dussumieri;24.87;2.48
Coilia dussumieri;23.57;2.71
Coilia dussumieri;23.78;2.82
Coilia dussumieri;24.53;2.88
Coilia dussumieri;24.49;2.75
Coilia dussumieri;24.68;2.65
Coilia dussumieri;23.86;2.70
Coilia dussumieri;24.51;2.88
Coilia dussumieri;24.09;2.94
Coilia dussumieri;24.25;2.48
Coilia dussumieri;23.76;2.45
Coilia dussumieri;23.87;2.43
Coilia dussumieri;24.81;2.67
Coilia dussumieri;23.53;2.61
Coilia dussumieri;24.58;3.05
Coilia dussumieri;24.54;2.88
Coilia dussumieri;24.20;2.57
Coilia dussumieri;24.33;2.98
Coilia dussumieri;24.56;2.33
Coilia dussumieri;25.02;2.74
Coilia dussumieri;23.64;3.15
Coilia dussumieri;23.38;2.59
Coilia dussumieri;24.83;2.61
Coilia dussumieri;24.37;3.10
Coilia dussumieri;24.45;2.88
Coilia dussumieri;24.05;2.82
Coilia dussumieri;23.69;2.46
Coilia dussumieri;25.10;2.77
Coilia dussumieri;24.73;2.60
Coilia dussumieri;24.54;2.63
Coilia dussumieri;24.01;3.05
Coilia dussumieri;24.27;2.33
Coilia dussumieri;22.92;2.33
Coilia dussumieri;23.72;2.62
Coilia dussumieri;24.56;3.29
Coilia dussumieri;23.54;2.66
Coilia dussumieri;24.89;2.81
Coilia dussumieri;24.02;2.47
Coilia dussumieri;24.28;2.98
Coilia dussumieri;23.79;3.17
Coilia dussumieri;25.00;2.81
Coilia dussumieri;24.28;2.73
Coilia dussumieri;23.26;2.50
Coilia dussumieri;24.61;2.59
Coilia dussumieri;24.86;2.45
Coilia dussumieri;24.49;2.97
Coilia dussumieri;25.42;3.05
Coilia dussumieri;24.71;3.58
Coilia dussumieri;25.17;2.38
Coilia dussumieri;23.75;2.40
Coilia dussumieri;24.71;2.74
Otolithoides biauritus;20.07;3.18
Otolithoides biauritus;17.21;3.23
Otolithoides biauritus;16.82;3.08
Otolithoides biauritus;17.72;3.18
Otolithoides biauritus;21.43;3.30
Otolithoides biauritus;19.14;3.26
Otolithoides biauritus;17.48;3.17
Otolithoides biauritus;18.36;3.24
Otolithoides biauritus;20.00;3.21
Otolithoides biauritus;19.66;3.16
Otolithoides biauritus;18.05;3.20
Otolithoides biauritus;21.60;3.34
Otolithoides biauritus;17.05;3.23
Otolithoides biauritus;20.59;3.32
Otolithoides biauritus;17.46;3.15
Otolithoides biauritus;17.96;3.17
Otolithoides biauritus;17.74;3.18
Otolithoides biauritus;21.29;3.32
Otolithoides biauritus;18.79;3.26
Otolithoides biauritus;17.55;3.18
Otolithoides biauritus;17.94;3.14
Otolithoides biauritus;18.53;3.18
Otolithoides biauritus;18.22;3.22
Otolithoides biauritus;16.70;3.07
Otolithoides biauritus;18.50;3.15
Otolithoides biauritus;20.17;3.25
Otolithoides biauritus;20.47;3.30
Otolithoides biauritus;16.91;3.15
Otolithoides biauritus;18.50;3.18
Otolithoides biauritus;19.97;3.23
Otolithoides biauritus;19.18;3.20
Otolithoides biauritus;20.08;3.32
Otolithoides biauritus;18.05;3.20
Otolithoides biauritus;19.82;3.27
Otolithoides biauritus;17.83;3.10
Otolithoides biauritus;17.35;3.21
Otolithoides biauritus;15.94;3.12
Otolithoides biauritus;17.36;3.18
Otolithoides biauritus;18.32;3.32
Otolithoides biauritus;19.00;3.29
Otolithoides biauritus;17.21;3.16
Otolithoides biauritus;21.31;3.31
Otolithoides biauritus;18.46;3.14
Otolithoides biauritus;16.71;3.12
Otolithoides biauritus;19.50;3.22
Otolithoides biauritus;17.51;3.12
Otolithoides biauritus;17.31;3.18
Otolithoides biauritus;20.82;3.30
Otolithoides biauritus;20.32;3.29
Otolithoides biauritus;18.05;3.16
Otolithoides biauritus;19.74;3.19
Otolithoides biauritus;21.42;3.43
Otolithoides biauritus;17.23;3.13
Otolithoides biauritus;20.17;3.35
Otolithoides biauritus;19.05;3.15
Otolithoides biauritus;18.16;3.10
Otolithoides biauritus;18.03;3.20
Otolithoides biauritus;18.16;3.20
Otolithoides biauritus;18.21;3.21
Otolithoides biauritus;20.48;3.36
Otolithoides biauritus;16.31;3.14
Otolithoides biauritus;19.19;3.16
Otolithoides biauritus;19.91;3.15
Otolithoides biauritus;17.68;3.16
Otolithoides biauritus;16.53;3.18
Otolithoides biauritus;18.64;3.14
Otolithoides biauritus;19.56;3.32
Otolithoides biauritus;17.58;3.18
Otolithoides biauritus;17.84;3.21
Otolithoides biauritus;19.36;3.18
Otolithoides biauritus;17.86;3.26
Otolithoides biauritus;18.72;3.19
Otolithoides biauritus;19.00;3.18
Otolithoides biauritus;19.55;3.19
Otolithoides biauritus;19.06;3.26
Otolithoides biauritus;17.56;3.19
Otolithoides biauritus;18.00;3.25
Otolithoides biauritus;16.99;3.20
Otolithoides biauritus;16.90;3.14
Otolithoides biauritus;19.30;3.32
Otolithoides biauritus;20.22;3.22
Otolithoides biauritus;19.16;3.32
Otolithoides biauritus;18.62;3.20
Otolithoides biauritus;18.63;3.11
Otolithoides biauritus;18.53;3.30
Otolithoides biauritus;19.83;3.36
Otolithoides biauritus;18.25;3.23
Otolithoides biauritus;17.94;3.20
Otolithoides biauritus;17.37;3.17
Otolithoides biauritus;18.20;3.16
Otolithoides biauritus;18.02;3.22
Otolithoides biauritus;18.67;3.18
Otolithoides biauritus;17.44;3.07
Otolithoides biauritus;20.86;3.23
Otolithoides biauritus;18.16;3.27
Otolithoides biauritus;19.39;3.22
Otolithoides biauritus;18.89;3.23
Otolithoides biauritus;20.80;3.24
Otolithoides biauritus;16.52;3.17
Otolithoides biauritus;18.11;3.14
Otolithoides biauritus;17.38;3.13
Otolithoides biauritus;17.98;3.17
Otolithoides biauritus;19.39;3.24
Otolithoides biauritus;16.25;3.17
Otolithoides biauritus;18.39;3.25
Otolithoides biauritus;16.98;3.11
Otolithoides biauritus;17.82;3.02
Otolithoides biauritus;17.95;3.22
Otolithoides biauritus;18.71;3.13
Otolithoides biauritus;18.35;3.16
Otolithoides biauritus;19.04;3.20
Otolithoides biauritus;17.02;3.21
Otolithoides biauritus;16.65;3.06
Otolithoides biauritus;17.78;3.18
Otolithoides biauritus;21.24;3.31
Otolithoides biauritus;18.34;3.11
Otolithoides biauritus;19.08;3.30
Otolithoides biauritus;21.08;3.24
Otolithoides biauritus;19.28;3.26
Otolithoides biauritus;18.20;3.24
Otolithoides biauritus;20.21;3.29
Otolithoides biauritus;18.48;3.19
Otolithoides biauritus;20.13;3.24
Otolithoides biauritus;17.60;3.22
Otolithoides biauritus;17.86;3.18
Otolithoides biauritus;16.82;3.06
Otolithoides biauritus;16.42;3.09
Otolithoides biauritus;17.87;3.21
Otolithoides biauritus;18.88;3.21
Otolithoides biauritus;18.98;3.28
Otolithoides biauritus;18.65;3.20
Otolithoides biauritus;20.07;3.24
Otolithoides biauritus;19.01;3.14
Otolithoides biauritus;21.36;3.34
Otolithoides biauritus;18.15;3.29
Otolithoides biauritus;18.69;3.30
Otolithoides biauritus;18.27;3.15
Otolithoides biauritus;16.96;3.06
Otolithoides biauritus;16.31;3.08
Otolithoides biauritus;18.22;3.16
Otolithoides biauritus;20.22;3.16
Otolithoides biauritus;17.42;3.08
Otolithoides biauritus;19.11;3.27
Otolithoides biauritus;18.66;3.06
Otolithoides biauritus;19.30;3.30
Otolithoides biauritus;16.39;3.17
Otolithoides biauritus;19.55;3.20
Otolithoides biauritus;19.47;3.23
Otolithoides biauritus;17.41;3.11
Otolithoides biauritus;18.59;3.22
Otolithoides biauritus;17.89;3.19
Otolithoides biauritus;19.68;3.17
Otolithoides biauritus;19.43;3.26
Otolithoides biauritus;19.26;3.14
Otolithoides biauritus;19.72;3.31
Otolithoides biauritus;18.70;3.15
Otolithoides biauritus;17.38;3.17
Otolithoides biauritus;17.39;3.11
Otolithoides biauritus;18.17;3.12
Otolithoides biauritus;19.14;3.32
Otolithoides biauritus;16.77;3.15
Otolithoides biauritus;19.17;3.26
Otolithoides biauritus;18.17;3.20
Otolithoides biauritus;17.78;3.19
Otolithoides biauritus;17.39;3.21
Otolithoides biauritus;20.39;3.41
Otolithoides biauritus;17.65;3.16
Otolithoides biauritus;16.92;3.17
Otolithoides biauritus;18.08;3.11
Otolithoides biauritus;20.27;3.36
Otolithoides biauritus;17.00;3.12
Otolithoides biauritus;18.02;3.20
Otolithoides biauritus;20.38;3.25
Otolithoides biauritus;17.56;3.18
Otolithoides biauritus;17.89;3.16
Otolithoides biauritus;18.57;3.28
Otolithoides biauritus;17.26;3.16
Otolithoides biauritus;19.83;3.23
Otolithoides biauritus;21.24;3.16
Otolithoides biauritus;19.10;3.19
Otolithoides biauritus;17.31;3.12
Otolithoides biauritus;17.25;3.26
Otolithoides biauritus;19.42;3.18
Otolithoides biauritus;18.14;3.15
Otolithoides biauritus;20.93;3.33
Otolithoides biauritus;18.68;3.23
Otolithoides biauritus;18.96;3.31
Otolithoides biauritus;20.29;3.25
Otolithoides biauritus;18.30;3.18
Otolithoides biauritus;19.49;3.19
Otolithoides biauritus;18.42;3.16
Otolithoides biauritus;18.10;3.18
Otolithoides biauritus;17.84;3.17
Otolithoides biauritus;20.58;3.19
Otolithoides biauritus;19.03;3.20
Otolithoides biauritus;19.65;3.24
Otolithoides biauritus;17.67;3.12
Otolithoides biauritus;16.85;3.10
Otolithoides biauritus;18.73;3.21
Otolithoides biauritus;16.19;3.13
Otolithoides biauritus;17.69;3.18
Otolithoides biauritus;20.96;3.40
Otolithoides biauritus;18.20;3.15
Otolithoides biauritus;16.50;3.17
Otolithoides biauritus;17.13;3.21
Otolithoides biauritus;19.71;3.21
Otolithoides biauritus;18.09;3.26
Otolithoides biauritus;19.02;3.20
Otolithoides biauritus;20.83;3.19
Otolithoides biauritus;20.54;3.35
Otolithoides biauritus;17.62;3.18
Otolithoides biauritus;18.67;3.27
Otolithoides biauritus;18.05;3.21
Otolithoides biauritus;17.02;3.08
Otolithoides biauritus;16.54;3.09
Otolithoides biauritus;17.87;3.25
Otolithoides biauritus;17.93;3.15
Otolithoides biauritus;20.11;3.25
Otolithoides biauritus;17.87;3.11
Otolithoides biauritus;21.95;3.35
Otolithoides biauritus;16.99;3.07
Otolithoides biauritus;18.64;3.24
Otolithoides biauritus;16.96;3.14
Otolithoides biauritus;18.29;3.17
Otolithoides biauritus;16.64;3.11
Otolithoides biauritus;17.94;3.14
Otolithoides biauritus;20.08;3.21
Otolithoides biauritus;20.04;3.21
Otolithoides biauritus;17.15;3.17
Otolithoides biauritus;20.39;3.14
Otolithoides biauritus;18.58;3.23
Otolithoides biauritus;16.61;3.17
Otolithoides biauritus;20.00;3.12
Otolithoides biauritus;20.69;3.21
Otolithoides biauritus;19.02;3.33
Otolithoides biauritus;17.44;3.20
Otolithoides biauritus;18.32;3.24
Otolithoides biauritus;18.85;3.15
Otolithoides biauritus;17.58;3.18
Otolithoides biauritus;19.55;3.26
Otolithoides biauritus;19.94;3.19
Otolithoides biauritus;18.75;3.26
Otolithoides biauritus;16.73;3.14
Otolithoides biauritus;16.85;3.18
Otolithoides biauritus;17.98;3.21
Otolithoides biauritus;17.97;3.18
Otolithoides biauritus;20.82;3.37
Otolithoides biauritus;20.55;3.21
Otolithoides biauritus;20.43;3.31
Otolithoides biauritus;18.97;3.31
Otolithoides biauritus;20.20;3.24
Otolithoides biauritus;19.50;3.31
Otolithoides biauritus;18.11;3.23
Otolithoides biauritus;17.98;3.20
Otolithoides biauritus;17.48;3.14
Otolithoides biauritus;19.24;3.27
Otolithoides biauritus;19.08;3.19
Otolithoides biauritus;17.35;3.14
Otolithoides biauritus;17.03;3.21
Otolithoides biauritus;16.68;3.11
Otolithoides biauritus;17.78;3.20
Otolithoides biauritus;19.32;3.20
Otolithoides biauritus;19.99;3.18
Otolithoides biauritus;17.72;3.03
Otolithoides biauritus;17.33;3.19
Otolithoides biauritus;16.73;3.18
Otolithoides biauritus;17.74;3.16
Otolithoides biauritus;17.77;3.16
Otolithoides biauritus;18.46;3.16
Otolithoides biauritus;18.26;3.22
Otolithoides biauritus;16.65;3.08
Otolithoides biauritus;18.98;3.23
Otolithoides biauritus;18.39;3.18
Otolithoides biauritus;16.91;3.10
Otolithoides biauritus;21.79;3.27
Otolithoides biauritus;18.50;3.19
Otolithoides biauritus;17.80;3.09
Otolithoides biauritus;20.47;3.13
Otolithoides biauritus;18.91;3.20
Otolithoides biauritus;20.18;3.29
Otolithoides biauritus;18.23;3.24
Otolithoides biauritus;17.88;3.18
Otolithoides biauritus;16.72;3.04
Otolithoides biauritus;19.63;3.32
Otolithoides biauritus;17.39;3.10
Otolithoides biauritus;19.56;3.23
Otolithoides biauritus;17.32;3.16
Otolithoides biauritus;19.38;3.20
Otolithoides biauritus;19.88;3.31
Otolithoides biauritus;18.09;3.16
Otolithoides biauritus;17.68;3.13
Otolithoides biauritus;20.45;3.30
Otolithoides biauritus;18.25;3.15
Otolithoides biauritus;19.33;3.16
Otolithoides biauritus;19.52;3.26
Otolithoides biauritus;17.32;3.20
Otolithoides biauritus;19.08;3.21
Otolithoides biauritus;18.07;3.14
Otolithoides biauritus;17.63;3.16
Otolithoides biauritus;18.95;3.21
Otolithoides biauritus;18.40;3.20
Otolithoides biauritus;20.18;3.22
Otolithoides biauritus;19.63;3.22
Otolithoides biauritus;17.11;3.11
Otolithoides biauritus;17.50;3.13
Otolithoides biauritus;17.69;3.27
Otolithoides biauritus;18.16;3.16
Otolithoides biauritus;19.26;3.19
Otolithoides biauritus;18.83;3.16
Otolithoides biauritus;19.28;3.21
Otolithoides biauritus;21.33;3.16
Otolithoides biauritus;18.53;3.20
Otolithoides biauritus;16.45;3.13
Otolithoides biauritus;19.16;3.08
Otolithoides biauritus;18.19;3.19
Otolithoides biauritus;20.08;3.21
Otolithoides biauritus;18.40;3.18
Otolithoides biauritus;19.42;3.26
Otolithoides biauritus;20.10;3.33
Otolithoides biauritus;19.08;3.22
Otolithoides biauritus;17.13;3.23
Otolithoides biauritus;17.65;3.17
Otolithoides biauritus;18.22;3.07
Otolithoides biauritus;20.15;3.29
Otolithoides biauritus;20.94;3.35
Otolithoides biauritus;18.32;3.21
Otolithoides biauritus;17.57;3.26
Otolithoides biauritus;19.08;3.20
Otolithoides biauritus;17.26;3.15
Otolithoides biauritus;19.94;3.25
Otolithoides biauritus;17.48;3.15
Otolithoides biauritus;17.45;3.21
Otolithoides biauritus;17.47;3.15
Otolithoides biauritus;15.72;3.07
Otolithoides biauritus;18.07;3.23
Otolithoides biauritus;17.60;3.04
Otolithoides biauritus;20.14;3.17
Otolithoides biauritus;18.07;3.22
Otolithoides biauritus;19.80;3.26
Otolithoides biauritus;17.56;3.20
Otolithoides biauritus;19.79;3.23
Otolithoides biauritus;20.04;3.23
Otolithoides biauritus;16.69;3.19
Otolithoides biauritus;20.79;3.29
Otolithoides biauritus;17.93;3.19
Otolithoides biauritus;17.71;3.09
Otolithoides biauritus;18.59;3.28
Otolithoides biauritus;18.08;3.21
Otolithoides biauritus;18.66;3.21
Otolithoides biauritus;17.55;3.16
Otolithoides biauritus;18.64;3.24
Otolithoides biauritus;16.32;3.17
Otolithoides biauritus;20.06;3.31
Otolithoides biauritus;19.13;3.22
Otolithoides biauritus;18.94;3.22
Otolithoides biauritus;18.84;3.12
Otolithoides biauritus;19.06;3.31
Otolithoides biauritus;16.61;3.12
Otolithoides biauritus;20.48;3.25
Otolithoides biauritus;20.46;3.26
Otolithoides biauritus;17.97;3.19
Otolithoides biauritus;19.91;3.26
Otolithoides biauritus;17.84;3.16
Otolithoides biauritus;20.82;3.28
Otolithoides biauritus;17.84;3.14
Otolithoides biauritus;17.98;3.17
Otolithoides biauritus;18.51;3.19
Otolithoides biauritus;18.64;3.20
Otolithoides biauritus;18.24;3.16
Otolithoides biauritus;16.74;3.09
Otolithoides biauritus;18.46;3.13
Otolithoides biauritus;18.42;3.16
Otolithoides biauritus;18.07;3.27
Otolithoides biauritus;18.10;3.18
Otolithoides biauritus;16.67;3.21
Otolithoides biauritus;17.02;3.12
Otolithoides biauritus;16.77;3.09
Otolithoides biauritus;20.43;3.25
Otolithoides biauritus;18.19;3.12
Otolithoides biauritus;17.09;3.29
Otolithoides biauritus;19.54;3.19
Otolithoides biauritus;16.64;3.13
Otolithoides biauritus;19.14;3.12
Otolithoides biauritus;16.28;3.10
Otolithoides biauritus;19.89;3.16
Otolithoides biauritus;18.38;3.16
Otolithoides biauritus;17.99;3.07
Otolithoides biauritus;19.90;3.25
Otolithoides biauritus;18.14;3.25
Otolithoides biauritus;18.19;3.23
Otolithoides biauritus;17.70;3.21
Otolithoides biauritus;17.51;3.14
Otolithoides biauritus;21.02;3.35
Otolithoides biauritus;19.88;3.29
Otolithoides biauritus;18.89;3.17
Otolithoides biauritus;19.27;3.22
Otolithoides biauritus;17.40;3.10
Otolithoides biauritus;18.38;3.18
Otolithoides biauritus;17.32;3.24
Otolithoides biauritus;17.31;3.11
Otolithoides biauritus;17.09;3.14
Otolithoides biauritus;17.12;3.16
Otolithoides biauritus;18.28;3.22
Otolithoides biauritus;20.89;3.36
Otolithoides biauritus;18.16;3.12
Otolithoides biauritus;16.81;3.13
Otolithoides biauritus;17.93;3.19
Otolithoides biauritus;19.33;3.17
Otolithoides biauritus;17.74;3.24
Otolithoides biauritus;19.27;3.17
Otolithoides biauritus;19.75;3.21
Otolithoides biauritus;18.43;3.16
Otolithoides biauritus;17.54;3.19
Otolithoides biauritus;18.43;3.19
Otolithoides biauritus;16.57;3.11
Otolithoides biauritus;17.23;3.09
Otolithoides biauritus;17.77;3.09
Otolithoides biauritus;19.72;3.21
Otolithoides biauritus;19.41;3.24
Otolithoides biauritus;16.55;3.16
Otolithoides biauritus;19.54;3.24
Otolithoides biauritus;20.13;3.38
Otolithoides biauritus;17.27;3.17
Otolithoides biauritus;19.12;3.17
Otolithoides biauritus;19.08;3.22
Otolithoides biauritus;20.39;3.37
Otolithoides biauritus;18.24;3.13
Otolithoides biauritus;18.18;3.13
Otolithoides biauritus;20.54;3.28
Otolithoides biauritus;17.00;3.13
Otolithoides biauritus;19.57;3.22
Otolithoides biauritus;17.11;3.21
Otolithoides biauritus;19.27;3.24
Otolithoides biauritus;18.87;3.32
Otolithoides biauritus;17.54;3.14
Otolithoides biauritus;17.15;3.14
Otolithoides biauritus;18.59;3.15
Otolithoides biauritus;17.65;3.17
Otolithoides biauritus;18.14;3.08
Otolithoides biauritus;20.32;3.28
Otolithoides biauritus;16.99;3.07
Otolithoides biauritus;17.11;3.20
Otolithoides biauritus;18.52;3.20
Otolithoides biauritus;19.44;3.24
Otolithoides biauritus;19.27;3.18
Otolithoides biauritus;17.97;3.24
Otolithoides biauritus;19.12;3.17
Otolithoides biauritus;18.31;3.20
Otolithoides biauritus;19.58;3.31
Otolithoides biauritus;18.46;3.24
Otolithoides biauritus;21.71;3.22
Otolithoides biauritus;18.70;3.14
Otolithoides biauritus;18.12;3.22
Otolithoides biauritus;17.04;3.12
Otolithoides biauritus;17.72;3.12
Otolithoides biauritus;18.27;3.22
Otolithoides biauritus;17.91;3.07
Otolithoides biauritus;19.62;3.41
Otolithoides biauritus;20.96;3.27
Otolithoides biauritus;21.31;3.19
Otolithoides biauritus;18.05;3.17
Otolithoides biauritus;20.32;3.26
Otolithoides biauritus;16.48;3.21
Otolithoides biauritus;18.09;3.13
Otolithoides biauritus;21.06;3.31
Otolithoides biauritus;19.96;3.24
Otolithoides biauritus;17.39;3.14
Otolithoides biauritus;21.35;3.20
Otolithoides pama;22.82;3.84
Otolithoides pama;21.98;3.94
Otolithoides pama;21.55;3.96
Otolithoides pama;19.22;3.72
Otolithoides pama;19.91;3.97
Otolithoides pama;23.21;3.88
Otolithoides pama;19.77;3.75
Otolithoides pama;21.56;3.93
Otolithoides pama;21.80;3.80
Otolithoides pama;21.57;3.88
Otolithoides pama;21.08;4.07
Otolithoides pama;22.80;3.85
Otolithoides pama;22.61;3.84
Otolithoides pama;21.82;3.90
Otolithoides pama;22.34;3.81
Otolithoides pama;22.63;3.97
Otolithoides pama;21.63;4.07
Otolithoides pama;22.81;3.63
Otolithoides pama;21.53;3.77
Otolithoides pama;23.12;3.83
Otolithoides pama;23.50;3.84
Otolithoides pama;20.54;3.91
Otolithoides pama;21.31;3.78
Otolithoides pama;22.63;3.82
Otolithoides pama;22.62;4.20
Otolithoides pama;21.09;3.72
Otolithoides pama;19.32;3.93
Otolithoides pama;20.36;3.63
Otolithoides pama;19.26;3.77
Otolithoides pama;23.31;3.91
Otolithoides pama;23.70;4.05
Otolithoides pama;20.42;3.78
Otolithoides pama;21.88;3.85
Otolithoides pama;21.29;3.95
Otolithoides pama;20.88;3.89
Otolithoides pama;18.64;3.97
Otolithoides pama;22.98;3.83
Otolithoides pama;23.32;3.92
Otolithoides pama;20.06;3.81
Otolithoides pama;23.42;3.83
Otolithoides pama;20.34;3.76
Otolithoides pama;20.44;3.96
Otolithoides pama;20.69;3.69
Otolithoides pama;20.98;3.69
Otolithoides pama;19.50;3.68
Otolithoides pama;23.90;4.24
Otolithoides pama;22.21;3.77
Otolithoides pama;24.02;3.75
Otolithoides pama;23.31;4.10
Otolithoides pama;21.40;3.79
Otolithoides pama;20.38;3.69
Otolithoides pama;20.77;3.73
Otolithoides pama;22.01;3.90
Otolithoides pama;20.14;3.77
Otolithoides pama;23.01;3.65
Otolithoides pama;21.71;3.75
Otolithoides pama;21.86;3.88
Otolithoides pama;23.15;4.05
Otolithoides pama;20.81;3.81
Otolithoides pama;23.59;3.75
Otolithoides pama;23.01;4.02
Otolithoides pama;20.98;3.85
Otolithoides pama;22.14;4.09
Otolithoides pama;23.64;4.11
Otolithoides pama;20.92;3.84
Otolithoides pama;21.48;3.77
Otolithoides pama;24.19;4.03
Otolithoides pama;20.65;3.57
Otolithoides pama;22.23;3.86
Otolithoides pama;22.13;3.90
Otolithoides pama;22.15;3.68
Otolithoides pama;23.27;3.68
Otolithoides pama;20.68;3.78
Otolithoides pama;22.91;3.89
Otolithoides pama;20.66;4.06
Otolithoides pama;22.62;4.02
Otolithoides pama;19.60;3.88
Otolithoides pama;20.85;3.80
Otolithoides pama;20.22;3.80
Otolithoides pama;19.33;3.87
Otolithoides pama;23.45;3.71
Otolithoides pama;21.84;3.84
Otolithoides pama;22.51;3.98
Otolithoides pama;23.53;4.02
Otolithoides pama;20.91;3.89
Otolithoides pama;22.91;3.67
Otolithoides pama;22.58;3.84
Otolithoides pama;23.12;3.80
Otolithoides pama;22.76;4.10
Otolithoides pama;22.91;3.85
Otolithoides pama;20.21;3.64
Otolithoides pama;22.62;3.51
Otolithoides pama;23.23;3.90
Otolithoides pama;22.68;3.92
Otolithoides pama;22.63;3.95
Otolithoides pama;22.03;3.87
Otolithoides pama;19.64;3.90
Otolithoides pama;23.20;3.75
Otolithoides pama;19.97;3.82
Otolithoides pama;22.56;3.94
Otolithoides pama;22.32;3.87
Otolithoides pama;18.64;3.53
Otolithoides pama;20.27;3.86
Otolithoides pama;20.48;3.93
Otolithoides pama;19.89;3.86
Otolithoides pama;19.79;3.82
Otolithoides pama;19.77;3.61
Otolithoides pama;22.55;3.97
Otolithoides pama;21.44;3.54
Otolithoides pama;22.11;3.77
Otolithoides pama;20.57;3.92
Otolithoides pama;19.43;3.58
Otolithoides pama;22.77;3.77
Otolithoides pama;22.09;3.81
Otolithoides pama;20.25;3.82
Otolithoides pama;22.45;4.03
Otolithoides pama;22.16;3.91
Otolithoides pama;24.04;3.76
Otolithoides pama;20.91;3.86
Otolithoides pama;20.06;3.73
Otolithoides pama;23.53;3.83
Otolithoides pama;21.33;3.89
Otolithoides pama;20.55;3.80
Otolithoides pama;20.15;3.85
Otolithoides pama;21.73;3.83
Otolithoides pama;22.60;3.87
Otolithoides pama;22.40;3.88
Otolithoides pama;23.55;3.75
Otolithoides pama;21.91;3.80
Otolithoides pama;21.65;3.68
Otolithoides pama;22.85;3.93
Otolithoides pama;22.73;3.85
Otolithoides pama;22.76;3.66
Otolithoides pama;22.02;3.85
Otolithoides pama;23.56;3.89
Otolithoides pama;19.58;3.87
Otolithoides pama;23.25;4.08
Otolithoides pama;22.91;3.97
Otolithoides pama;21.48;4.02
Otolithoides pama;22.52;3.90
Otolithoides pama;22.49;3.81
Otolithoides pama;23.07;3.93
Otolithoides pama;23.44;3.88
Otolithoides pama;22.01;3.92
Otolithoides pama;23.89;3.83
Otolithoides pama;22.15;3.94
Otolithoides pama;22.43;3.76
Otolithoides pama;21.98;3.84
Otolithoides pama;19.65;3.93
Otolithoides pama;22.45;3.75
Otolithoides pama;20.46;3.90
Otolithoides pama;20.69;3.76
Otolithoides pama;21.08;3.89
Otolithoides pama;22.35;3.70
Otolithoides pama;21.10;3.88
Otolithoides pama;18.94;3.87
Otolithoides pama;22.52;3.94
Otolithoides pama;23.53;3.79
Otolithoides pama;23.04;3.95
Otolithoides pama;19.78;3.70
Otolithoides pama;20.27;3.87
Otolithoides pama;22.88;3.93
Otolithoides pama;22.47;3.97
Otolithoides pama;22.94;4.04
Otolithoides pama;22.60;3.79
Otolithoides pama;21.39;3.79
Otolithoides pama;19.62;3.74
Otolithoides pama;20.65;3.91
Otolithoides pama;23.07;3.87
Otolithoides pama;23.79;3.90
Otolithoides pama;20.45;3.75
Otolithoides pama;21.47;3.82
Otolithoides pama;21.34;3.77
Otolithoides pama;21.23;3.65
Otolithoides pama;23.44;3.97
Otolithoides pama;22.19;3.94
Otolithoides pama;19.90;3.79
Otolithoides pama;23.52;3.91
Otolithoides pama;19.54;3.85
Otolithoides pama;22.48;3.71
Otolithoides pama;20.81;4.03
Otolithoides pama;21.52;3.78
Otolithoides pama;20.65;3.66
Otolithoides pama;20.49;3.79
Otolithoides pama;21.15;4.11
Otolithoides pama;20.27;3.68
Otolithoides pama;21.74;4.08
Otolithoides pama;23.09;3.75
Otolithoides pama;22.93;3.90
Otolithoides pama;23.08;3.88
Otolithoides pama;21.74;3.79
Otolithoides pama;21.40;3.76
Otolithoides pama;20.28;3.76
Otolithoides pama;22.22;3.75
Otolithoides pama;20.09;3.93
Otolithoides pama;22.12;3.86
Otolithoides pama;23.60;3.64
Otolithoides pama;22.77;3.97
Otolithoides pama;18.66;3.78
Otolithoides pama;21.71;3.98
Otolithoides pama;23.22;3.72
Otolithoides pama;20.61;3.77
Otolithoides pama;22.77;4.03
Otolithoides pama;22.49;3.89
Otolithoides pama;22.82;3.94
Otolithoides pama;22.53;3.76
Otolithoides pama;19.75;3.63
Otolithoides pama;22.41;3.88
Otolithoides pama;21.23;3.53
Otolithoides pama;20.53;3.83
Otolithoides pama;20.16;3.98
Otolithoides pama;20.25;3.75
Otolithoides pama;21.76;3.77
Otolithoides pama;20.32;3.64
Otolithoides pama;23.74;3.89
Otolithoides pama;19.33;3.88
Otolithoides pama;20.83;3.98
Otolithoides pama;19.62;3.83
Otolithoides pama;23.48;3.70
Otolithoides pama;22.41;3.86
Otolithoides pama;23.80;3.74
Otolithoides pama;23.10;3.95
Otolithoides pama;19.07;3.78
Otolithoides pama;19.94;3.80
Otolithoides pama;21.11;4.04
Otolithoides pama;20.54;3.87
Otolithoides pama;22.56;4.04
Otolithoides pama;19.76;3.83
Otolithoides pama;23.78;3.99
Otolithoides pama;21.10;3.77
Otolithoides pama;22.80;3.85
Otolithoides pama;22.95;3.77
Otolithoides pama;23.50;3.87
Otolithoides pama;23.09;3.92
Otolithoides pama;20.60;4.05
Otolithoides pama;22.81;4.00
Otolithoides pama;21.98;3.91
Otolithoides pama;20.27;3.82
Otolithoides pama;20.00;3.82
Otolithoides pama;22.30;3.87
Otolithoides pama;22.60;3.79
Otolithoides pama;23.12;3.87
Otolithoides pama;23.33;3.81
Otolithoides pama;21.48;3.96
Otolithoides pama;23.32;3.47
Otolithoides pama;22.46;3.94
Otolithoides pama;20.83;4.08
Otolithoides pama;21.74;3.93
Otolithoides pama;22.07;3.72
Otolithoides pama;23.97;3.93
Otolithoides pama;18.77;3.67
Otolithoides pama;20.62;3.89
Otolithoides pama;20.43;3.75
Otolithoides pama;22.19;4.07
Otolithoides pama;22.30;3.91
Otolithoides pama;23.29;3.92
Otolithoides pama;21.42;3.85
Otolithoides pama;22.96;4.01
Otolithoides pama;21.45;3.80
Otolithoides pama;23.41;3.86
Otolithoides pama;20.08;3.97
Otolithoides pama;18.97;3.82
Otolithoides pama;22.70;3.67
Otolithoides pama;21.71;3.88
Otolithoides pama;23.46;3.97
Otolithoides pama;23.58;3.87
Otolithoides pama;23.10;3.91
Otolithoides pama;20.80;3.76
Otolithoides pama;22.51;3.86
Otolithoides pama;19.33;3.77
Otolithoides pama;22.30;4.05
Otolithoides pama;19.89;3.87
Otolithoides pama;22.50;3.92
Otolithoides pama;20.73;3.72
Otolithoides pama;20.36;4.14
Otolithoides pama;23.82;3.80
Otolithoides pama;22.19;3.88
Otolithoides pama;21.64;3.92
Otolithoides pama;19.73;3.63
Otolithoides pama;24.35;4.14
Otolithoides pama;24.09;3.66
Otolithoides pama;21.38;3.66
Otolithoides pama;20.67;3.83
Otolithoides pama;22.62;3.79
Otolithoides pama;22.73;3.83
Otolithoides pama;19.65;3.83
Otolithoides pama;22.92;4.12
Otolithoides pama;23.16;3.70
Otolithoides pama;22.32;3.78
Otolithoides pama;22.54;3.78
Otolithoides pama;21.27;3.96
Otolithoides pama;20.14;3.55
Otolithoides pama;22.55;4.04
Otolithoides pama;22.77;4.05
Otolithoides pama;22.72;3.68
Otolithoides pama;22.44;3.90
Otolithoides pama;22.35;3.84
Otolithoides pama;23.94;3.84
Otolithoides pama;19.21;3.65
Otolithoides pama;22.43;3.89
Otolithoides pama;23.62;3.94
Otolithoides pama;22.69;3.97
Otolithoides pama;24.30;3.99
Otolithoides pama;20.14;3.90
Otolithoides pama;22.08;3.85
Otolithoides pama;22.16;3.84
Otolithoides pama;22.75;3.76
Otolithoides pama;23.93;3.68
Otolithoides pama;22.51;3.93
Otolithoides pama;22.57;3.69
Otolithoides pama;22.23;3.84
Otolithoides pama;22.02;3.85
Otolithoides pama;23.82;4.03
Otolithoides pama;22.61;3.92
Otolithoides pama;22.76;3.86
Otolithoides pama;20.68;3.74
Otolithoides pama;20.80;3.87
Otolithoides pama;23.20;3.85
Otolithoides pama;22.12;3.83
Otolithoides pama;22.15;3.94
Otolithoides pama;22.15;3.79
Otolithoides pama;21.52;3.72
Otolithoides pama;22.95;3.86
Otolithoides pama;19.67;3.92
Otolithoides pama;21.49;3.90
Otolithoides pama;22.93;3.87
Otolithoides pama;20.14;3.72
Otolithoides pama;23.17;3.92
Otolithoides pama;19.87;3.75
Otolithoides pama;19.98;3.91
Otolithoides pama;22.07;3.57
Otolithoides pama;22.63;3.95
Otolithoides pama;23.23;4.06
Otolithoides pama;20.43;3.86
Otolithoides pama;21.32;3.66
Otolithoides pama;23.27;3.78
Otolithoides pama;21.50;3.83
Otolithoides pama;20.96;3.89
Otolithoides pama;22.29;3.76
Otolithoides pama;21.56;3.81
Otolithoides pama;22.98;3.66
Otolithoides pama;22.22;3.98
Otolithoides pama;21.45;3.89
Otolithoides pama;20.56;3.75
Otolithoides pama;23.33;3.68
Otolithoides pama;22.07;3.70
Otolithoides pama;19.20;3.76
Otolithoides pama;21.80;3.93
Otolithoides pama;23.53;3.63
Otolithoides pama;22.60;3.83
Otolithoides pama;23.33;3.86
Otolithoides pama;20.73;3.84
Otolithoides pama;21.22;3.92
Otolithoides pama;22.90;3.88
Otolithoides pama;21.92;3.94
Otolithoides pama;22.88;4.10
Otolithoides pama;22.04;3.95
Otolithoides pama;21.89;3.69
Otolithoides pama;20.67;3.87
Otolithoides pama;22.02;3.78
Otolithoides pama;23.58;3.67
Otolithoides pama;19.36;3.83
Otolithoides pama;20.87;3.78
Otolithoides pama;24.31;3.65
Otolithoides pama;22.85;4.06
Otolithoides pama;22.20;3.79
Otolithoides pama;21.05;4.01
Otolithoides pama;20.08;3.84
Otolithoides pama;19.43;3.85
Otolithoides pama;19.38;3.87
Otolithoides pama;20.41;3.91
Otolithoides pama;22.49;3.85
Otolithoides pama;23.14;3.96
Otolithoides pama;22.81;3.87
Otolithoides pama;21.44;3.96
Otolithoides pama;20.63;3.85
Otolithoides pama;19.97;3.79
Otolithoides pama;20.59;3.65
Otolithoides pama;23.30;3.89
Otolithoides pama;21.78;3.78
Otolithoides pama;19.29;3.76
Otolithoides pama;19.45;3.92
Otolithoides pama;19.28;3.72
Otolithoides pama;22.06;3.80
Otolithoides pama;22.58;3.88
Otolithoides pama;23.68;4.02
Otolithoides pama;23.67;3.87
Otolithoides pama;21.44;3.74
Otolithoides pama;19.19;3.77
Otolithoides pama;22.02;3.87
Otolithoides pama;22.42;4.01
Otolithoides pama;23.19;3.84
Otolithoides pama;22.81;3.67
Otolithoides pama;20.64;3.91
Otolithoides pama;22.70;3.93
Otolithoides pama;22.92;3.74
Otolithoides pama;21.79;4.00
Otolithoides pama;20.38;3.91
Otolithoides pama;21.52;3.90
Otolithoides pama;19.12;3.71
Otolithoides pama;20.42;3.91
Otolithoides pama;23.32;3.91
Otolithoides pama;19.31;3.75
Otolithoides pama;21.60;3.82
Otolithoides pama;23.52;3.78
Otolithoides pama;22.71;3.85
Otolithoides pama;22.87;3.95
Otolithoides pama;23.04;3.87
Otolithoides pama;20.51;3.88
Otolithoides pama;23.25;3.97
Otolithoides pama;23.21;4.21
Otolithoides pama;22.88;3.90
Otolithoides pama;20.54;3.82
Otolithoides pama;20.62;3.89
Otolithoides pama;22.48;3.70
Otolithoides pama;22.20;3.83
Otolithoides pama;21.46;3.75
Otolithoides pama;22.25;3.76
Otolithoides pama;22.97;3.70
Otolithoides pama;22.37;3.94
Otolithoides pama;23.61;3.85
Otolithoides pama;21.27;4.08
Otolithoides pama;23.12;3.94
Otolithoides pama;21.55;3.83
Otolithoides pama;21.69;4.02
Otolithoides pama;21.18;3.87
Otolithoides pama;23.40;4.03
Otolithoides pama;19.35;3.78
Otolithoides pama;22.15;3.95
Otolithoides pama;20.43;3.75
Otolithoides pama;21.83;3.95
Otolithoides pama;19.84;3.77
Otolithoides pama;24.12;3.51
Otolithoides pama;23.99;4.09
Otolithoides pama;22.77;3.98
Pethia conchonius;9.61;4.55
Pethia conchonius;9.16;4.61
Pethia conchonius;8.09;4.56
Pethia conchonius;9.89;4.61
Pethia conchonius;10.31;4.57
Pethia conchonius;11.03;4.61
Pethia conchonius;9.07;4.62
Pethia conchonius;9.37;4.59
Pethia conchonius;10.71;4.56
Pethia conchonius;10.58;4.65
Pethia conchonius;11.53;4.64
Pethia conchonius;11.84;4.64
Pethia conchonius;9.76;4.56
Pethia conchonius;8.27;4.53
Pethia conchonius;9.82;4.60
Pethia conchonius;9.55;4.59
Pethia conchonius;8.33;4.58
Pethia conchonius;9.82;4.61
Pethia conchonius;9.47;4.62
Pethia conchonius;9.04;4.58
Pethia conchonius;7.92;4.54
Pethia conchonius;10.33;4.59
Pethia conchonius;9.58;4.60
Pethia conchonius;11.62;4.61
Pethia conchonius;9.59;4.60
Pethia conchonius;11.33;4.58
Pethia conchonius;12.01;4.63
Pethia conchonius;8.36;4.53
Pethia conchonius;9.62;4.60
Pethia conchonius;9.35;4.59
Pethia conchonius;11.72;4.60
Pethia conchonius;10.75;4.60
Pethia conchonius;10.07;4.60
Pethia conchonius;9.29;4.60
Pethia conchonius;11.33;4.63
Pethia conchonius;8.73;4.56
Pethia conchonius;8.04;4.57
Pethia conchonius;11.99;4.66
Pethia conchonius;8.78;4.57
Pethia conchonius;10.29;4.63
Pethia conchonius;9.56;4.60
Pethia conchonius;10.90;4.59
Pethia conchonius;7.36;4.57
Pethia conchonius;8.39;4.56
Pethia conchonius;10.34;4.56
Pethia conchonius;11.13;4.59
Pethia conchonius;7.48;4.54
Pethia conchonius;10.38;4.52
Pethia conchonius;7.53;4.56
Pethia conchonius;9.00;4.60
Pethia conchonius;8.86;4.52
Pethia conchonius;12.01;4.61
Pethia conchonius;10.79;4.57
Pethia conchonius;7.99;4.57
Pethia conchonius;10.64;4.62
Pethia conchonius;10.28;4.57
Pethia conchonius;10.53;4.60
Pethia conchonius;8.36;4.55
Pethia conchonius;7.60;4.58
Pethia conchonius;9.81;4.55
Pethia conchonius;9.85;4.59
Pethia conchonius;7.83;4.57
Pethia conchonius;7.83;4.55
Pethia conchonius;10.11;4.56
Pethia conchonius;8.98;4.50
Pethia conchonius;9.55;4.59
Pethia conchonius;10.78;4.61
Pethia conchonius;8.82;4.57
Pethia conchonius;8.38;4.54
Pethia conchonius;8.93;4.53
Pethia conchonius;9.12;4.57
Pethia conchonius;10.10;4.64
Pethia conchonius;8.51;4.60
Pethia conchonius;8.83;4.56
Pethia conchonius;7.49;4.54
Pethia conchonius;12.21;4.64
Pethia conchonius;8.82;4.59
Pethia conchonius;8.04;4.54
Pethia conchonius;10.68;4.66
Pethia conchonius;9.31;4.56
Pethia conchonius;8.02;4.54
Pethia conchonius;7.57;4.51
Pethia conchonius;8.23;4.58
Pethia conchonius;9.87;4.61
Pethia conchonius;9.13;4.56
Pethia conchonius;9.34;4.61
Pethia conchonius;12.59;4.62
Pethia conchonius;10.55;4.63
Pethia conchonius;8.27;4.54
Pethia conchonius;8.99;4.59
Pethia conchonius;8.91;4.62
Pethia conchonius;9.78;4.61
Pethia conchonius;10.66;4.62
Pethia conchonius;10.33;4.61
Pethia conchonius;11.96;4.63
Pethia conchonius;10.63;4.59
Pethia conchonius;9.23;4.55
Pethia conchonius;10.75;4.62
Pethia conchonius;9.45;4.60
Pethia conchonius;10.92;4.58
Pethia conchonius;10.39;4.62
Pethia conchonius;9.49;4.60
Pethia conchonius;8.02;4.56
Pethia conchonius;9.38;4.59
Pethia conchonius;8.52;4.59
Pethia conchonius;10.32;4.63
Pethia conchonius;7.25;4.54
Pethia conchonius;9.99;4.58
Pethia conchonius;8.23;4.57
Pethia conchonius;8.56;4.57
Pethia conchonius;7.21;4.54
Pethia conchonius;8.53;4.60
Pethia conchonius;8.79;4.60
Pethia conchonius;8.23;4.61
Pethia conchonius;10.27;4.63
Pethia conchonius;9.07;4.58
Pethia conchonius;9.58;4.56
Pethia conchonius;10.60;4.65
Pethia conchonius;7.39;4.55
Pethia conchonius;10.95;4.62
Pethia conchonius;8.53;4.58
Pethia conchonius;9.86;4.59
Pethia conchonius;10.58;4.62
Pethia conchonius;8.94;4.58
Pethia conchonius;11.49;4.64
Pethia conchonius;7.96;4.58
Pethia conchonius;8.89;4.56
Pethia conchonius;8.17;4.60
Pethia conchonius;11.85;4.62
Pethia conchonius;8.81;4.60
Pethia conchonius;10.13;4.57
Pethia conchonius;8.60;4.56
Pethia conchonius;11.06;4.61
Pethia conchonius;9.59;4.59
Pethia conchonius;9.84;4.59
Pethia conchonius;8.97;4.58
Pethia conchonius;7.90;4.56
Pethia conchonius;9.13;4.58
Pethia conchonius;9.26;4.63
Pethia conchonius;9.82;4.57
Pethia conchonius;9.26;4.60
Pethia conchonius;8.51;4.57
Pethia conchonius;8.24;4.59
Pethia conchonius;9.17;4.55
Pethia conchonius;10.64;4.61
Pethia conchonius;7.82;4.56
Pethia conchonius;8.71;4.55
Pethia conchonius;9.89;4.60
Pethia conchonius;11.87;4.62
Pethia conchonius;8.30;4.54
Pethia conchonius;9.04;4.58
Pethia conchonius;9.75;4.59
Pethia conchonius;9.72;4.56
Pethia conchonius;10.48;4.61
Pethia conchonius;7.83;4.52
Pethia conchonius;8.04;4.55
Pethia conchonius;9.90;4.58
Pethia conchonius;9.21;4.60
Pethia conchonius;9.76;4.63
Pethia conchonius;11.36;4.60
Pethia conchonius;8.14;4.55
Pethia conchonius;9.98;4.55
Pethia conchonius;10.25;4.57
Pethia conchonius;12.44;4.59
Pethia conchonius;8.03;4.55
Pethia conchonius;11.85;4.62
Pethia conchonius;10.85;4.63
Pethia conchonius;7.79;4.54
Pethia conchonius;7.63;4.57
Pethia conchonius;7.82;4.59
Pethia conchonius;9.47;4.58
Pethia conchonius;9.45;4.59
Pethia conchonius;10.41;4.57
Pethia conchonius;10.38;4.62
Pethia conchonius;11.25;4.64
Pethia conchonius;9.69;4.60
Pethia conchonius;8.44;4.58
Pethia conchonius;8.14;4.56
Pethia conchonius;11.64;4.64
Pethia conchonius;8.13;4.57
Pethia conchonius;8.70;4.59
Pethia conchonius;8.28;4.55
Pethia conchonius;8.37;4.58
Pethia conchonius;9.60;4.55
Pethia conchonius;8.73;4.59
Pethia conchonius;9.74;4.62
Pethia conchonius;11.60;4.57
Pethia conchonius;11.64;4.60
Pethia conchonius;9.21;4.61
Pethia conchonius;7.99;4.51
Pethia conchonius;9.56;4.56
Pethia conchonius;7.10;4.52
Pethia conchonius;7.87;4.52
Pethia conchonius;9.64;4.60
Pethia conchonius;10.64;4.61
Pethia conchonius;7.54;4.56
Pethia conchonius;7.78;4.58
Pethia conchonius;9.97;4.56
Pethia conchonius;8.28;4.58
Pethia conchonius;12.17;4.57
Pethia conchonius;9.20;4.57
Pethia conchonius;9.22;4.56
Pethia conchonius;11.50;4.64
Pethia conchonius;9.20;4.59
Pethia conchonius;10.86;4.61
Pethia conchonius;9.37;4.56
Pethia conchonius;11.74;4.68
Pethia conchonius;10.19;4.60
Pethia conchonius;9.48;4.58
Pethia conchonius;9.41;4.56
Pethia conchonius;7.41;4.53
Pethia conchonius;10.49;4.60
Pethia conchonius;9.32;4.51
Pethia conchonius;8.79;4.57
Pethia conchonius;8.43;4.60
Pethia conchonius;9.50;4.63
Pethia conchonius;10.36;4.60
Pethia conchonius;9.67;4.58
Pethia conchonius;10.64;4.62
Pethia conchonius;8.37;4.53
Pethia conchonius;12.13;4.63
Pethia conchonius;9.90;4.62
Pethia conchonius;10.25;4.56
Pethia conchonius;9.66;4.61
Pethia conchonius;10.72;4.59
Pethia conchonius;8.64;4.59
Pethia conchonius;9.66;4.57
Pethia conchonius;10.29;4.61
Pethia conchonius;10.10;4.62
Pethia conchonius;8.89;4.55
Pethia conchonius;8.98;4.56
Pethia conchonius;8.57;4.54
Pethia conchonius;8.18;4.54
Pethia conchonius;8.74;4.53
Pethia conchonius;9.67;4.59
Pethia conchonius;10.31;4.54
Pethia conchonius;10.36;4.59
Pethia conchonius;11.51;4.56
Pethia conchonius;9.41;4.62
Pethia conchonius;10.53;4.62
Pethia conchonius;11.18;4.62
Pethia conchonius;12.33;4.67
Pethia conchonius;11.71;4.61
Pethia conchonius;8.03;4.56
Pethia conchonius;8.72;4.62
Pethia conchonius;11.49;4.63
Pethia conchonius;10.75;4.61
Pethia conchonius;8.38;4.54
Pethia conchonius;9.80;4.58
Pethia conchonius;8.83;4.55
Pethia conchonius;10.01;4.61
Pethia conchonius;8.61;4.53
Pethia conchonius;11.10;4.59
Pethia conchonius;7.43;4.55
Pethia conchonius;11.90;4.63
Pethia conchonius;8.87;4.58
Pethia conchonius;11.44;4.63
Pethia conchonius;10.41;4.60
Pethia conchonius;9.18;4.61
Pethia conchonius;9.98;4.60
Pethia conchonius;11.31;4.59
Pethia conchonius;9.71;4.60
Pethia conchonius;9.44;4.61
Pethia conchonius;10.76;4.59
Pethia conchonius;11.15;4.61
Pethia conchonius;12.29;4.66
Pethia conchonius;7.96;4.58
Pethia conchonius;12.31;4.62
Pethia conchonius;8.12;4.57
Pethia conchonius;10.84;4.64
Pethia conchonius;10.31;4.59
Pethia conchonius;9.42;4.59
Pethia conchonius;8.63;4.60
Pethia conchonius;8.32;4.55
Pethia conchonius;10.80;4.60
Pethia conchonius;9.52;4.61
Pethia conchonius;7.55;4.55
Pethia conchonius;12.36;4.64
Pethia conchonius;8.51;4.57
Pethia conchonius;9.04;4.55
Pethia conchonius;8.62;4.63
Pethia conchonius;12.84;4.66
Pethia conchonius;9.22;4.54
Pethia conchonius;8.00;4.56
Pethia conchonius;9.05;4.55
Pethia conchonius;8.94;4.61
Pethia conchonius;9.34;4.55
Pethia conchonius;8.96;4.60
Pethia conchonius;8.14;4.58
Pethia conchonius;9.22;4.62
Pethia conchonius;10.69;4.62
Pethia conchonius;11.93;4.62
Pethia conchonius;8.97;4.54
Pethia conchonius;8.31;4.59
Pethia conchonius;10.82;4.61
Pethia conchonius;9.51;4.62
Pethia conchonius;10.45;4.60
Pethia conchonius;9.90;4.57
Pethia conchonius;12.41;4.58
Pethia conchonius;9.12;4.57
Pethia conchonius;7.92;4.56
Pethia conchonius;10.05;4.58
Pethia conchonius;11.93;4.61
Pethia conchonius;10.60;4.64
Pethia conchonius;9.17;4.57
Pethia conchonius;10.54;4.63
Pethia conchonius;7.85;4.56
Pethia conchonius;10.51;4.58
Pethia conchonius;9.34;4.59
Pethia conchonius;12.11;4.61
Pethia conchonius;10.92;4.59
Pethia conchonius;8.43;4.56
Pethia conchonius;10.08;4.63
Pethia conchonius;11.40;4.61
Pethia conchonius;9.34;4.56
Pethia conchonius;9.37;4.63
Pethia conchonius;9.65;4.59
Pethia conchonius;8.12;4.57
Pethia conchonius;9.94;4.60
Pethia conchonius;11.14;4.61
Pethia conchonius;11.55;4.61
Pethia conchonius;8.39;4.57
Pethia conchonius;12.01;4.60
Pethia conchonius;9.45;4.62
Pethia conchonius;10.53;4.61
Pethia conchonius;9.03;4.57
Pethia conchonius;7.72;4.54
Pethia conchonius;10.25;4.59
Pethia conchonius;9.03;4.56
Pethia conchonius;9.20;4.61
Pethia conchonius;9.00;4.56
Pethia conchonius;9.98;4.60
Pethia conchonius;12.18;4.64
Pethia conchonius;9.39;4.59
Pethia conchonius;7.91;4.51
Pethia conchonius;12.19;4.58
Pethia conchonius;10.44;4.61
Pethia conchonius;8.72;4.55
Pethia conchonius;10.14;4.63
Pethia conchonius;8.80;4.57
Pethia conchonius;10.79;4.55
Pethia conchonius;11.82;4.62
Pethia conchonius;10.40;4.58
Pethia conchonius;8.63;4.57
Pethia conchonius;10.84;4.59
Pethia conchonius;9.75;4.58
Pethia conchonius;8.48;4.56
Pethia conchonius;10.93;4.65
Pethia conchonius;10.02;4.58
Pethia conchonius;8.70;4.56
Pethia conchonius;10.83;4.62
Pethia conchonius;9.39;4.55
Pethia conchonius;9.98;4.60
Pethia conchonius;8.95;4.60
Pethia conchonius;11.94;4.64
Pethia conchonius;9.21;4.55
Pethia conchonius;10.77;4.59
Pethia conchonius;9.90;4.58
Pethia conchonius;10.51;4.63
Pethia conchonius;7.77;4.54
Pethia conchonius;8.49;4.56
Pethia conchonius;8.44;4.56
Pethia conchonius;8.94;4.54
Pethia conchonius;8.49;4.58
Pethia conchonius;8.91;4.56
Pethia conchonius;8.53;4.57
Pethia conchonius;9.63;4.61
Pethia conchonius;8.69;4.58
Pethia conchonius;7.70;4.48
Pethia conchonius;8.62;4.60
Pethia conchonius;9.91;4.60
Pethia conchonius;11.05;4.58
Pethia conchonius;8.09;4.51
Pethia conchonius;8.89;4.55
Pethia conchonius;9.08;4.59
Pethia conchonius;8.96;4.58
Pethia conchonius;8.38;4.55
Pethia conchonius;9.68;4.58
Pethia conchonius;9.89;4.56
Pethia conchonius;10.33;4.65
Pethia conchonius;7.70;4.56
Pethia conchonius;10.64;4.56
Pethia conchonius;9.64;4.57
Pethia conchonius;8.81;4.56
Pethia conchonius;12.42;4.63
Pethia conchonius;12.32;4.59
Pethia conchonius;12.20;4.61
Pethia conchonius;8.65;4.55
Pethia conchonius;7.85;4.55
Pethia conchonius;9.31;4.55
Pethia conchonius;9.69;4.58
Pethia conchonius;9.08;4.61
Pethia conchonius;8.03;4.52
Pethia conchonius;11.63;4.59
Pethia conchonius;11.54;4.65
Pethia conchonius;7.87;4.53
Pethia conchonius;10.18;4.59
Pethia conchonius;8.56;4.58
Pethia conchonius;9.42;4.61
Pethia conchonius;8.53;4.60
Pethia conchonius;8.72;4.56
Pethia conchonius;8.54;4.60
Pethia conchonius;10.75;4.63
Pethia conchonius;9.02;4.57
Pethia conchonius;10.65;4.59
Pethia conchonius;11.83;4.64
Pethia conchonius;9.76;4.57
Pethia conchonius;8.80;4.57
Pethia conchonius;8.14;4.52
Pethia conchonius;8.80;4.58
Pethia conchonius;11.39;4.62
Pethia conchonius;7.66;4.56
Pethia conchonius;10.17;4.60
Pethia conchonius;8.73;4.56
Pethia conchonius;8.58;4.58
Pethia conchonius;9.22;4.60
Pethia conchonius;9.58;4.58
Pethia conchonius;10.61;4.59
Pethia conchonius;7.91;4.56
Pethia conchonius;9.68;4.57
Pethia conchonius;7.79;4.58
Pethia conchonius;9.55;4.55
Pethia conchonius;8.28;4.56
Pethia conchonius;7.90;4.56
Pethia conchonius;9.80;4.62
Pethia conchonius;10.67;4.59
Pethia conchonius;8.35;4.60
Pethia conchonius;11.03;4.63
Pethia conchonius;8.99;4.58
Pethia conchonius;8.05;4.52
Pethia conchonius;10.39;4.58
Pethia conchonius;9.80;4.58
Pethia conchonius;12.62;4.60
Pethia conchonius;8.91;4.59
Pethia conchonius;8.53;4.57
Pethia conchonius;9.38;4.58
Pethia conchonius;7.89;4.58
Pethia conchonius;9.49;4.58
Pethia conchonius;7.80;4.53
Pethia conchonius;9.79;4.66
Pethia conchonius;9.35;4.56
Pethia conchonius;10.52;4.61
Pethia conchonius;8.40;4.58
Pethia conchonius;11.49;4.58
Pethia conchonius;10.35;4.59
Pethia conchonius;9.06;4.58
Pethia conchonius;9.18;4.55
Pethia conchonius;8.54;4.58
Pethia conchonius;9.62;4.55
Pethia conchonius;9.77;4.57
Pethia conchonius;11.51;4.60
Pethia conchonius;10.71;4.60
Pethia conchonius;11.60;4.62
Pethia conchonius;11.19;4.62
Pethia conchonius;10.10;4.57
Pethia conchonius;7.77;4.55
Pethia conchonius;9.73;4.61
Pethia conchonius;8.90;4.58
Pethia conchonius;8.88;4.59
Pethia conchonius;12.79;4.60
Pethia conchonius;11.35;4.68
Pethia conchonius;7.66;4.56
Pethia conchonius;11.67;4.64
Pethia conchonius;9.28;4.57
Pethia conchonius;8.09;4.58
Pethia conchonius;11.62;4.61
Pethia conchonius;8.45;4.60
Pethia conchonius;7.93;4.56
Pethia conchonius;9.51;4.57
Pethia conchonius;8.16;4.56
Pethia conchonius;10.52;4.62
Pethia conchonius;7.29;4.61
Pethia conchonius;10.38;4.60
Pethia conchonius;7.74;4.53
Pethia conchonius;10.25;4.60
Polynemus paradiseus;10.38;4.00
Polynemus paradiseus;13.53;4.10
Polynemus paradiseus;14.43;4.15
Polynemus paradiseus;13.44;4.09
Polynemus paradiseus;14.51;4.01
Polynemus paradiseus;13.86;3.95
Polynemus paradiseus;11.78;4.00
Polynemus paradiseus;11.21;3.99
Polynemus paradiseus;15.80;4.06
Polynemus paradiseus;12.63;4.09
Polynemus paradiseus;11.50;3.86
Polynemus paradiseus;15.77;3.99
Polynemus paradiseus;12.55;3.98
Polynemus paradiseus;10.11;3.93
Polynemus paradiseus;13.10;4.06
Polynemus paradiseus;12.64;3.86
Polynemus paradiseus;12.20;4.00
Polynemus paradiseus;10.84;3.97
Polynemus paradiseus;10.67;3.83
Polynemus paradiseus;11.40;4.02
Polynemus paradiseus;10.05;3.88
Polynemus paradiseus;10.81;4.29
Polynemus paradiseus;15.56;4.02
Polynemus paradiseus;13.81;4.16
Polynemus paradiseus;15.27;4.09
Polynemus paradiseus;15.60;4.11
Polynemus paradiseus;11.02;3.85
Polynemus paradiseus;14.18;3.84
Polynemus paradiseus;15.91;3.71
Polynemus paradiseus;13.01;4.12
Polynemus paradiseus;14.10;4.00
Polynemus paradiseus;13.28;4.09
Polynemus paradiseus;13.59;4.04
Polynemus paradiseus;13.63;4.06
Polynemus paradiseus;15.50;3.94
Polynemus paradiseus;10.62;4.09
Polynemus paradiseus;11.51;4.16
Polynemus paradiseus;11.36;4.00
Polynemus paradiseus;11.15;3.95
Polynemus paradiseus;12.52;3.78
Polynemus paradiseus;12.37;3.95
Polynemus paradiseus;16.33;4.00
Polynemus paradiseus;12.47;3.96
Polynemus paradiseus;12.77;4.14
Polynemus paradiseus;11.60;3.81
Polynemus paradiseus;13.62;4.14
Polynemus paradiseus;14.66;3.92
Polynemus paradiseus;12.59;3.84
Polynemus paradiseus;14.28;3.95
Polynemus paradiseus;12.82;4.13
Polynemus paradiseus;15.35;3.94
Polynemus paradiseus;13.55;3.80
Polynemus paradiseus;11.99;3.78
Polynemus paradiseus;13.16;3.86
Polynemus paradiseus;14.66;4.17
Polynemus paradiseus;11.69;4.10
Polynemus paradiseus;13.72;3.98
Polynemus paradiseus;14.31;4.04
Polynemus paradiseus;12.17;4.02
Polynemus paradiseus;10.68;3.94
Polynemus paradiseus;10.92;3.75
Polynemus paradiseus;15.99;4.12
Polynemus paradiseus;14.41;4.05
Polynemus paradiseus;12.26;3.81
Polynemus paradiseus;14.65;4.07
Polynemus paradiseus;13.23;4.05
Polynemus paradiseus;13.38;3.97
Polynemus paradiseus;10.90;3.96
Polynemus paradiseus;13.54;3.87
Polynemus paradiseus;12.63;3.90
Polynemus paradiseus;14.07;3.92
Polynemus paradiseus;13.72;3.97
Polynemus paradiseus;11.98;3.93
Polynemus paradiseus;13.05;3.94
Polynemus paradiseus;14.12;4.14
Polynemus paradiseus;11.41;3.99
Polynemus paradiseus;15.85;3.89
Polynemus paradiseus;11.90;3.86
Polynemus paradiseus;15.56;3.80
Polynemus paradiseus;16.30;4.09
Polynemus paradiseus;15.56;3.89
Polynemus paradiseus;12.63;4.13
Polynemus paradiseus;13.49;4.01
Polynemus paradiseus;10.37;4.00
Polynemus paradiseus;13.17;4.02
Polynemus paradiseus;12.75;3.88
Polynemus paradiseus;12.75;4.10
Polynemus paradiseus;15.86;3.87
Polynemus paradiseus;13.63;3.96
Polynemus paradiseus;11.42;4.02
Polynemus paradiseus;14.72;3.92
Polynemus paradiseus;14.81;4.18
Polynemus paradiseus;9.78;3.93
Polynemus paradiseus;13.10;3.89
Polynemus paradiseus;15.81;4.26
Polynemus paradiseus;11.45;4.24
Polynemus paradiseus;9.47;4.02
Polynemus paradiseus;13.10;4.02
Polynemus paradiseus;12.36;3.94
Polynemus paradiseus;13.55;3.86
Polynemus paradiseus;14.87;4.14
Polynemus paradiseus;12.05;3.93
Polynemus paradiseus;14.75;4.00
Polynemus paradiseus;12.56;4.07
Polynemus paradiseus;11.27;3.86
Polynemus paradiseus;14.93;3.90
Polynemus paradiseus;14.92;4.02
Polynemus paradiseus;12.21;3.87
Polynemus paradiseus;12.42;4.15
Polynemus paradiseus;12.34;3.98
Polynemus paradiseus;10.09;4.16
Polynemus paradiseus;11.42;3.73
Polynemus paradiseus;13.25;4.01
Polynemus paradiseus;15.13;4.17
Polynemus paradiseus;13.45;3.81
Polynemus paradiseus;16.72;4.00
Polynemus paradiseus;13.59;3.96
Polynemus paradiseus;13.89;3.97
Polynemus paradiseus;12.00;3.99
Polynemus paradiseus;10.39;4.04
Polynemus paradiseus;10.28;3.96
Polynemus paradiseus;12.42;3.93
Polynemus paradiseus;11.53;4.12
Polynemus paradiseus;11.26;3.76
Polynemus paradiseus;12.94;3.88
Polynemus paradiseus;11.92;4.08
Polynemus paradiseus;14.24;3.87
Polynemus paradiseus;13.62;4.03
Polynemus paradiseus;12.06;3.84
Polynemus paradiseus;12.08;3.96
Polynemus paradiseus;16.22;3.97
Polynemus paradiseus;10.90;4.20
Polynemus paradiseus;15.74;4.13
Polynemus paradiseus;15.71;3.73
Polynemus paradiseus;12.79;3.75
Polynemus paradiseus;11.01;4.06
Polynemus paradiseus;11.66;3.79
Polynemus paradiseus;10.42;3.95
Polynemus paradiseus;12.04;4.06
Polynemus paradiseus;15.16;3.86
Polynemus paradiseus;12.35;3.83
Polynemus paradiseus;12.52;3.99
Polynemus paradiseus;13.46;3.86
Polynemus paradiseus;10.55;3.90
Polynemus paradiseus;11.44;4.02
Polynemus paradiseus;13.77;3.88
Polynemus paradiseus;9.41;3.81
Polynemus paradiseus;14.35;4.10
Polynemus paradiseus;14.20;3.86
Polynemus paradiseus;12.98;4.17
Polynemus paradiseus;13.12;3.90
Polynemus paradiseus;13.78;3.78
Polynemus paradiseus;11.77;3.96
Polynemus paradiseus;16.48;4.15
Polynemus paradiseus;14.78;3.86
Polynemus paradiseus;12.66;4.12
Polynemus paradiseus;15.43;3.99
Polynemus paradiseus;13.44;4.04
Polynemus paradiseus;14.43;4.02
Polynemus paradiseus;13.19;4.05
Polynemus paradiseus;11.60;3.89
Polynemus paradiseus;15.16;4.09
Polynemus paradiseus;11.90;3.77
Polynemus paradiseus;15.13;4.25
Polynemus paradiseus;10.19;3.91
Polynemus paradiseus;10.16;4.20
Polynemus paradiseus;12.10;3.74
Polynemus paradiseus;11.22;3.87
Polynemus paradiseus;14.72;3.85
Polynemus paradiseus;16.17;3.97
Polynemus paradiseus;14.93;3.91
Polynemus paradiseus;10.73;4.14
Polynemus paradiseus;13.05;3.98
Polynemus paradiseus;10.88;3.81
Polynemus paradiseus;12.12;3.77
Polynemus paradiseus;13.26;4.04
Polynemus paradiseus;13.58;4.22
Polynemus paradiseus;13.01;3.98
Polynemus paradiseus;12.13;3.92
Polynemus paradiseus;12.50;3.91
Polynemus paradiseus;12.13;4.03
Polynemus paradiseus;11.40;3.94
Polynemus paradiseus;14.11;4.11
Polynemus paradiseus;12.02;4.04
Polynemus paradiseus;12.35;3.84
Polynemus paradiseus;11.70;3.79
Polynemus paradiseus;11.25;4.23
Polynemus paradiseus;10.88;4.10
Polynemus paradiseus;11.80;3.90
Polynemus paradiseus;11.65;4.19
Polynemus paradiseus;12.67;3.97
Polynemus paradiseus;14.02;3.95
Polynemus paradiseus;14.75;4.22
Polynemus paradiseus;13.89;4.12
Polynemus paradiseus;15.15;3.99
Polynemus paradiseus;12.43;3.90
Polynemus paradiseus;12.14;3.99
Polynemus paradiseus;13.24;4.15
Polynemus paradiseus;14.42;3.99
Polynemus paradiseus;11.87;4.13
Polynemus paradiseus;13.65;3.90
Polynemus paradiseus;11.70;4.19
Polynemus paradiseus;10.32;3.96
Polynemus paradiseus;11.51;4.13
Polynemus paradiseus;13.04;4.10
Polynemus paradiseus;10.50;3.85
Polynemus paradiseus;13.48;4.20
Polynemus paradiseus;15.08;3.98
Polynemus paradiseus;10.35;4.18
Polynemus paradiseus;13.57;4.20
Polynemus paradiseus;13.14;3.88
Polynemus paradiseus;15.15;4.07
Polynemus paradiseus;12.45;3.90
Polynemus paradiseus;12.63;4.10
Polynemus paradiseus;14.62;4.00
Polynemus paradiseus;14.78;4.00
Polynemus paradiseus;11.34;4.05
Polynemus paradiseus;13.45;3.97
Polynemus paradiseus;11.75;3.75
Polynemus paradiseus;12.01;3.98
Polynemus paradiseus;10.43;4.02
Polynemus paradiseus;15.51;3.84
Polynemus paradiseus;14.75;3.90
Polynemus paradiseus;13.48;3.89
Polynemus paradiseus;10.14;4.02
Polynemus paradiseus;12.42;4.16
Polynemus paradiseus;11.21;4.25
Polynemus paradiseus;13.23;4.06
Polynemus paradiseus;14.42;4.03
Polynemus paradiseus;14.35;4.02
Polynemus paradiseus;11.11;4.14
Polynemus paradiseus;12.42;3.94
Polynemus paradiseus;14.03;4.05
Polynemus paradiseus;12.48;4.04
Polynemus paradiseus;11.19;4.25
Polynemus paradiseus;14.77;4.19
Polynemus paradiseus;14.75;4.28
Polynemus paradiseus;11.32;3.81
Polynemus paradiseus;11.07;4.21
Polynemus paradiseus;11.98;3.87
Polynemus paradiseus;14.93;3.92
Polynemus paradiseus;12.06;4.06
Polynemus paradiseus;14.06;3.88
Polynemus paradiseus;11.60;4.20
Polynemus paradiseus;14.32;4.04
Polynemus paradiseus;10.25;4.17
Polynemus paradiseus;13.96;3.89
Polynemus paradiseus;9.49;4.03
Polynemus paradiseus;10.64;4.08
Polynemus paradiseus;13.19;3.88
Polynemus paradiseus;10.68;3.98
Polynemus paradiseus;10.50;3.95
Polynemus paradiseus;13.58;4.02
Polynemus paradiseus;12.11;4.06
Polynemus paradiseus;12.46;3.87
Polynemus paradiseus;12.58;3.91
Polynemus paradiseus;13.71;4.03
Polynemus paradiseus;16.61;4.00
Polynemus paradiseus;11.26;3.81
Polynemus paradiseus;12.85;4.00
Polynemus paradiseus;13.96;3.94
Polynemus paradiseus;15.01;3.98
Polynemus paradiseus;9.59;4.19
Polynemus paradiseus;12.58;4.07
Polynemus paradiseus;11.78;3.97
Polynemus paradiseus;13.27;3.69
Polynemus paradiseus;13.19;3.94
Polynemus paradiseus;14.26;4.11
Polynemus paradiseus;16.03;4.09
Polynemus paradiseus;11.92;4.34
Polynemus paradiseus;16.22;4.06
Polynemus paradiseus;13.01;4.15
Polynemus paradiseus;15.48;4.12
Polynemus paradiseus;14.56;3.98
Polynemus paradiseus;12.51;3.90
Polynemus paradiseus;11.03;3.92
Polynemus paradiseus;14.94;3.84
Polynemus paradiseus;9.59;4.14
Polynemus paradiseus;14.45;3.97
Polynemus paradiseus;11.30;3.95
Polynemus paradiseus;15.55;4.03
Polynemus paradiseus;14.18;3.81
Polynemus paradiseus;11.68;4.07
Polynemus paradiseus;11.58;3.89
Polynemus paradiseus;13.42;4.08
Polynemus paradiseus;14.97;4.03
Polynemus paradiseus;15.07;3.92
Polynemus paradiseus;14.00;4.12
Polynemus paradiseus;12.35;3.88
Polynemus paradiseus;11.67;3.87
Polynemus paradiseus;13.26;4.07
Polynemus paradiseus;13.28;4.00
Polynemus paradiseus;12.83;4.19
Polynemus paradiseus;12.11;4.00
Polynemus paradiseus;13.54;3.84
Polynemus paradiseus;14.68;4.00
Polynemus paradiseus;14.14;4.04
Polynemus paradiseus;10.20;3.75
Polynemus paradiseus;15.64;3.98
Polynemus paradiseus;11.07;3.93
Polynemus paradiseus;13.14;4.22
Polynemus paradiseus;12.79;4.00
Polynemus paradiseus;11.37;4.07
Polynemus paradiseus;10.21;4.00
Polynemus paradiseus;15.54;4.08
Polynemus paradiseus;14.21;3.82
Polynemus paradiseus;11.85;3.94
Polynemus paradiseus;15.03;4.12
Polynemus paradiseus;15.72;3.94
Polynemus paradiseus;15.84;3.92
Polynemus paradiseus;11.72;3.97
Polynemus paradiseus;15.49;3.95
Polynemus paradiseus;11.68;3.96
Polynemus paradiseus;12.96;4.03
Polynemus paradiseus;14.27;4.03
Polynemus paradiseus;12.89;3.90
Polynemus paradiseus;12.90;4.11
Polynemus paradiseus;12.36;3.84
Polynemus paradiseus;12.44;3.91
Polynemus paradiseus;15.32;4.03
Polynemus paradiseus;13.94;4.04
Polynemus paradiseus;13.21;3.97
Polynemus paradiseus;13.39;4.11
Polynemus paradiseus;11.97;4.08
Polynemus paradiseus;14.54;3.96
Polynemus paradiseus;13.37;4.04
Polynemus paradiseus;14.99;4.09
Polynemus paradiseus;12.95;4.04
Polynemus paradiseus;12.90;3.94
Polynemus paradiseus;14.66;4.00
Polynemus paradiseus;13.19;3.94
Polynemus paradiseus;14.09;3.84
Polynemus paradiseus;13.31;3.88
Polynemus paradiseus;13.74;3.86
Polynemus paradiseus;15.90;4.13
Polynemus paradiseus;9.62;3.84
Polynemus paradiseus;12.78;4.21
Polynemus paradiseus;13.78;4.08
Polynemus paradiseus;14.46;3.83
Polynemus paradiseus;9.38;4.05
Polynemus paradiseus;15.74;3.81
Polynemus paradiseus;11.94;3.87
Polynemus paradiseus;12.40;4.09
Polynemus paradiseus;13.36;3.76
Polynemus paradiseus;10.67;4.02
Polynemus paradiseus;11.27;3.99
Polynemus paradiseus;11.64;4.01
Polynemus paradiseus;12.58;3.88
Polynemus paradiseus;13.64;3.87
Polynemus paradiseus;15.42;3.95
Polynemus paradiseus;15.79;4.10
Polynemus paradiseus;11.55;3.96
Polynemus paradiseus;14.15;3.94
Polynemus paradiseus;12.20;3.89
Polynemus paradiseus;11.09;4.11
Polynemus paradiseus;14.29;3.93
Polynemus paradiseus;11.18;4.01
Polynemus paradiseus;13.07;3.77
Polynemus paradiseus;13.13;4.09
Polynemus paradiseus;14.62;4.01
Polynemus paradiseus;11.12;3.99
Polynemus paradiseus;13.69;4.29
Polynemus paradiseus;10.99;3.94
Polynemus paradiseus;13.18;3.75
Polynemus paradiseus;12.49;4.07
Polynemus paradiseus;10.91;3.90
Polynemus paradiseus;15.37;3.85
Polynemus paradiseus;11.63;3.92
Polynemus paradiseus;13.22;3.89
Polynemus paradiseus;14.44;4.17
Polynemus paradiseus;15.37;4.08
Polynemus paradiseus;16.52;3.96
Polynemus paradiseus;11.52;3.77
Polynemus paradiseus;13.10;3.98
Polynemus paradiseus;11.81;3.91
Polynemus paradiseus;13.21;4.11
Polynemus paradiseus;14.85;4.19
Polynemus paradiseus;16.57;3.99
Polynemus paradiseus;12.35;4.02
Polynemus paradiseus;14.13;4.01
Polynemus paradiseus;11.52;4.04
Polynemus paradiseus;15.37;4.16
Polynemus paradiseus;12.91;3.94
Polynemus paradiseus;13.41;3.86
Polynemus paradiseus;11.05;3.92
Polynemus paradiseus;14.48;4.06
Polynemus paradiseus;11.41;4.02
Polynemus paradiseus;10.72;3.97
Polynemus paradiseus;12.21;4.10
Polynemus paradiseus;13.09;4.01
Polynemus paradiseus;12.78;3.98
Polynemus paradiseus;12.53;4.00
Polynemus paradiseus;15.44;4.10
Polynemus paradiseus;12.03;4.16
Polynemus paradiseus;12.50;3.91
Polynemus paradiseus;12.74;4.22
Polynemus paradiseus;13.30;3.93
Polynemus paradiseus;13.12;4.06
Polynemus paradiseus;14.69;4.13
Polynemus paradiseus;12.63;3.77
Polynemus paradiseus;13.21;4.05
Polynemus paradiseus;10.19;4.03
Polynemus paradiseus;12.11;4.02
Polynemus paradiseus;12.44;3.85
Polynemus paradiseus;14.33;4.06
Polynemus paradiseus;12.29;3.87
Polynemus paradiseus;11.28;4.12
Polynemus paradiseus;10.32;4.12
Polynemus paradiseus;12.93;4.03
Polynemus paradiseus;9.41;3.93
Polynemus paradiseus;10.99;3.88
Polynemus paradiseus;11.28;3.74
Polynemus paradiseus;11.57;4.01
Polynemus paradiseus;10.09;3.92
Polynemus paradiseus;15.61;4.01
Polynemus paradiseus;11.28;4.12
Polynemus paradiseus;11.38;3.90
Polynemus paradiseus;11.28;3.97
Polynemus paradiseus;11.11;3.85
Polynemus paradiseus;10.37;4.00
Polynemus paradiseus;9.72;4.06
Polynemus paradiseus;13.79;3.94
Polynemus paradiseus;10.21;3.91
Polynemus paradiseus;15.14;3.95
Polynemus paradiseus;12.39;4.11
Polynemus paradiseus;11.23;3.89
Polynemus paradiseus;12.95;4.02
Polynemus paradiseus;12.15;3.88
Polynemus paradiseus;13.63;3.70
Polynemus paradiseus;16.22;4.09
Polynemus paradiseus;13.59;4.14
Polynemus paradiseus;14.24;4.11
Polynemus paradiseus;13.19;3.88
Polynemus paradiseus;13.87;3.93
Polynemus paradiseus;11.14;3.90
Polynemus paradiseus;10.98;4.09
Polynemus paradiseus;16.44;3.95
Polynemus paradiseus;13.82;3.93
Polynemus paradiseus;11.33;4.09
Polynemus paradiseus;12.93;4.02
Polynemus paradiseus;11.89;3.94
Polynemus paradiseus;14.22;4.07
Polynemus paradiseus;11.96;3.96
Polynemus paradiseus;13.81;3.96
Polynemus paradiseus;14.84;3.98
Polynemus paradiseus;12.89;3.89
Polynemus paradiseus;12.43;3.93
Polynemus paradiseus;14.60;4.29
Polynemus paradiseus;12.16;3.80
Polynemus paradiseus;13.23;3.88
Polynemus paradiseus;11.81;3.90
Polynemus paradiseus;12.67;4.04
Polynemus paradiseus;13.44;4.02
Polynemus paradiseus;11.61;4.02
Polynemus paradiseus;12.96;4.08
Polynemus paradiseus;9.75;4.04
Polynemus paradiseus;11.49;3.96
Polynemus paradiseus;15.06;3.95
Puntius lateristriga;9.85;2.63
Puntius lateristriga;14.51;2.62
Puntius lateristriga;12.75;2.65
Puntius lateristriga;14.09;2.61
Puntius lateristriga;14.70;2.73
Puntius lateristriga;14.28;2.68
Puntius lateristriga;14.01;2.59
Puntius lateristriga;11.45;2.66
Puntius lateristriga;14.32;2.69
Puntius lateristriga;12.71;2.60
Puntius lateristriga;13.32;2.60
Puntius lateristriga;12.53;2.69
Puntius lateristriga;14.06;2.59
Puntius lateristriga;12.70;2.65
Puntius lateristriga;10.75;2.65
Puntius lateristriga;14.02;2.64
Puntius lateristriga;13.17;2.62
Puntius lateristriga;13.92;2.63
Puntius lateristriga;14.14;2.58
Puntius lateristriga;14.38;2.70
Puntius lateristriga;11.55;2.63
Puntius lateristriga;11.64;2.49
Puntius lateristriga;13.25;2.66
Puntius lateristriga;11.30;2.67
Puntius lateristriga;13.34;2.62
Puntius lateristriga;12.39;2.56
Puntius lateristriga;14.03;2.68
Puntius lateristriga;12.48;2.70
Puntius lateristriga;11.22;2.62
Puntius lateristriga;13.67;2.61
Puntius lateristriga;13.41;2.64
Puntius lateristriga;11.87;2.57
Puntius lateristriga;13.83;2.63
Puntius lateristriga;14.25;2.63
Puntius lateristriga;13.23;2.75
Puntius lateristriga;14.43;2.61
Puntius lateristriga;12.68;2.55
Puntius lateristriga;14.60;2.75
Puntius lateristriga;12.76;2.59
Puntius lateristriga;13.90;2.64
Puntius lateristriga;10.73;2.59
Puntius lateristriga;15.24;2.73
Puntius lateristriga;11.18;2.69
Puntius lateristriga;11.95;2.61
Puntius lateristriga;13.25;2.67
Puntius lateristriga;14.22;2.59
Puntius lateristriga;10.06;2.54
Puntius lateristriga;11.78;2.54
Puntius lateristriga;12.63;2.67
Puntius lateristriga;15.22;2.60
Puntius lateristriga;11.46;2.63
Puntius lateristriga;12.67;2.71
Puntius lateristriga;14.57;2.64
Puntius lateristriga;11.29;2.55
Puntius lateristriga;11.04;2.62
Puntius lateristriga;14.38;2.61
Puntius lateristriga;12.98;2.58
Puntius lateristriga;13.12;2.63
Puntius lateristriga;12.63;2.63
Puntius lateristriga;12.89;2.64
Puntius lateristriga;12.83;2.61
Puntius lateristriga;12.62;2.66
Puntius lateristriga;14.27;2.68
Puntius lateristriga;13.46;2.69
Puntius lateristriga;13.78;2.67
Puntius lateristriga;13.98;2.67
Puntius lateristriga;14.48;2.66
Puntius lateristriga;9.69;2.60
Puntius lateristriga;13.63;2.67
Puntius lateristriga;14.45;2.62
Puntius lateristriga;11.46;2.59
Puntius lateristriga;12.31;2.55
Puntius lateristriga;14.58;2.63
Puntius lateristriga;12.40;2.64
Puntius lateristriga;13.69;2.61
Puntius lateristriga;11.06;2.58
Puntius lateristriga;11.90;2.61
Puntius lateristriga;14.03;2.62
Puntius lateristriga;11.32;2.58
Puntius lateristriga;13.93;2.67
Puntius lateristriga;12.02;2.62
Puntius lateristriga;12.41;2.59
Puntius lateristriga;12.74;2.61
Puntius lateristriga;13.79;2.66
Puntius lateristriga;13.27;2.58
Puntius lateristriga;14.13;2.61
Puntius lateristriga;11.80;2.58
Puntius lateristriga;12.06;2.54
Puntius lateristriga;11.27;2.60
Puntius lateristriga;13.84;2.69
Puntius lateristriga;13.22;2.62
Puntius lateristriga;12.72;2.54
Puntius lateristriga;12.77;2.63
Puntius lateristriga;14.01;2.66
Puntius lateristriga;13.34;2.68
Puntius lateristriga;12.78;2.62
Puntius lateristriga;14.20;2.64
Puntius lateristriga;14.28;2.72
Puntius lateristriga;15.33;2.68
Puntius lateristriga;14.13;2.62
Puntius lateristriga;13.44;2.61
Puntius lateristriga;14.06;2.68
Puntius lateristriga;14.12;2.62
Puntius lateristriga;13.94;2.52
Puntius lateristriga;14.44;2.61
Puntius lateristriga;11.16;2.61
Puntius lateristriga;14.85;2.76
Puntius lateristriga;13.40;2.71
Puntius lateristriga;11.91;2.75
Puntius lateristriga;12.31;2.63
Puntius lateristriga;11.44;2.63
Puntius lateristriga;9.75;2.57
Puntius lateristriga;15.26;2.74
Puntius lateristriga;12.80;2.59
Puntius lateristriga;11.29;2.58
Puntius lateristriga;12.85;2.61
Puntius lateristriga;11.91;2.61
Puntius lateristriga;13.55;2.61
Puntius lateristriga;13.59;2.57
Puntius lateristriga;10.44;2.56
Puntius lateristriga;11.02;2.54
Puntius lateristriga;13.20;2.66
Puntius lateristriga;13.58;2.64
Puntius lateristriga;14.61;2.59
Puntius lateristriga;13.46;2.67
Puntius lateristriga;13.92;2.64
Puntius lateristriga;12.48;2.62
Puntius lateristriga;14.11;2.64
Puntius lateristriga;12.34;2.65
Puntius lateristriga;11.21;2.63
Puntius lateristriga;12.10;2.57
Puntius lateristriga;12.40;2.69
Puntius lateristriga;12.35;2.59
Puntius lateristriga;12.16;2.56
Puntius lateristriga;11.76;2.61
Puntius lateristriga;13.91;2.72
Puntius lateristriga;13.06;2.67
Puntius lateristriga;14.81;2.67
Puntius lateristriga;13.94;2.62
Puntius lateristriga;13.32;2.57
Puntius lateristriga;10.33;2.55
Puntius lateristriga;13.96;2.67
Puntius lateristriga;12.49;2.66
Puntius lateristriga;13.37;2.66
Puntius lateristriga;12.37;2.65
Puntius lateristriga;10.46;2.59
Puntius lateristriga;11.52;2.65
Puntius lateristriga;11.99;2.67
Puntius lateristriga;14.06;2.62
Puntius lateristriga;11.47;2.59
Puntius lateristriga;14.20;2.71
Puntius lateristriga;12.98;2.62
Puntius lateristriga;13.36;2.63
Puntius lateristriga;14.34;2.68
Puntius lateristriga;11.77;2.66
Puntius lateristriga;13.29;2.61
Puntius lateristriga;14.76;2.67
Puntius lateristriga;10.86;2.63
Puntius lateristriga;13.54;2.60
Puntius lateristriga;11.68;2.62
Puntius lateristriga;14.54;2.65
Puntius lateristriga;13.59;2.59
Puntius lateristriga;10.48;2.60
Puntius lateristriga;14.20;2.68
Puntius lateristriga;11.26;2.58
Puntius lateristriga;12.03;2.60
Puntius lateristriga;12.93;2.64
Puntius lateristriga;10.53;2.58
Puntius lateristriga;14.25;2.68
Puntius lateristriga;12.37;2.64
Puntius lateristriga;12.09;2.61
Puntius lateristriga;13.17;2.61
Puntius lateristriga;13.77;2.67
Puntius lateristriga;12.15;2.57
Puntius lateristriga;13.35;2.62
Puntius lateristriga;14.96;2.65
Puntius lateristriga;11.92;2.64
Puntius lateristriga;12.92;2.59
Puntius lateristriga;10.60;2.55
Puntius lateristriga;13.48;2.69
Puntius lateristriga;14.41;2.61
Puntius lateristriga;14.70;2.61
Puntius lateristriga;10.92;2.60
Puntius lateristriga;12.87;2.67
Puntius lateristriga;9.77;2.60
Puntius lateristriga;13.33;2.66
Puntius lateristriga;12.93;2.64
Puntius lateristriga;12.90;2.63
Puntius lateristriga;12.45;2.64
Puntius lateristriga;13.54;2.69
Puntius lateristriga;14.39;2.70
Puntius lateristriga;14.22;2.65
Puntius lateristriga;14.92;2.70
Puntius lateristriga;11.03;2.58
Puntius lateristriga;13.89;2.71
Puntius lateristriga;12.00;2.58
Puntius lateristriga;14.68;2.72
Puntius lateristriga;13.87;2.69
Puntius lateristriga;13.98;2.64
Puntius lateristriga;10.83;2.54
Puntius lateristriga;13.76;2.61
Puntius lateristriga;12.86;2.68
Puntius lateristriga;12.81;2.58
Puntius lateristriga;13.34;2.60
Puntius lateristriga;13.24;2.61
Puntius lateristriga;13.21;2.60
Puntius lateristriga;14.82;2.62
Puntius lateristriga;13.23;2.69
Puntius lateristriga;12.19;2.62
Puntius lateristriga;12.53;2.61
Puntius lateristriga;13.77;2.60
Puntius lateristriga;12.67;2.65
Puntius lateristriga;10.21;2.58
Puntius lateristriga;11.82;2.62
Puntius lateristriga;14.48;2.57
Puntius lateristriga;12.48;2.61
Puntius lateristriga;14.15;2.69
Puntius lateristriga;14.40;2.71
Puntius lateristriga;12.75;2.62
Puntius lateristriga;11.30;2.59
Puntius lateristriga;10.66;2.66
Puntius lateristriga;13.45;2.68
Puntius lateristriga;13.49;2.67
Puntius lateristriga;14.96;2.65
Puntius lateristriga;12.69;2.60
Puntius lateristriga;14.62;2.64
Puntius lateristriga;14.50;2.70
Puntius lateristriga;12.35;2.69
Puntius lateristriga;15.24;2.61
Puntius lateristriga;11.81;2.63
Puntius lateristriga;10.77;2.59
Puntius lateristriga;11.40;2.63
Puntius lateristriga;14.54;2.68
Puntius lateristriga;13.28;2.64
Puntius lateristriga;13.54;2.68
Puntius lateristriga;13.77;2.64
Puntius lateristriga;12.55;2.67
Puntius lateristriga;15.03;2.74
Puntius lateristriga;12.98;2.60
Puntius lateristriga;13.07;2.59
Puntius lateristriga;12.73;2.64
Puntius lateristriga;13.76;2.69
Puntius lateristriga;12.78;2.62
Puntius lateristriga;14.11;2.65
Puntius lateristriga;14.76;2.64
Puntius lateristriga;13.37;2.69
Puntius lateristriga;11.81;2.66
Puntius lateristriga;13.22;2.64
Puntius lateristriga;11.85;2.60
Puntius lateristriga;11.56;2.54
Puntius lateristriga;12.76;2.63
Puntius lateristriga;10.86;2.64
Puntius lateristriga;13.07;2.60
Puntius lateristriga;12.53;2.64
Puntius lateristriga;14.03;2.64
Puntius lateristriga;12.40;2.66
Puntius lateristriga;13.07;2.65
Puntius lateristriga;13.98;2.70
Puntius lateristriga;12.76;2.60
Puntius lateristriga;12.68;2.61
Puntius lateristriga;12.91;2.67
Puntius lateristriga;14.68;2.66
Puntius lateristriga;15.01;2.61
Puntius lateristriga;14.59;2.70
Puntius lateristriga;10.82;2.63
Puntius lateristriga;12.85;2.61
Puntius lateristriga;10.98;2.59
Puntius lateristriga;10.96;2.56
Puntius lateristriga;12.59;2.64
Puntius lateristriga;11.11;2.60
Puntius lateristriga;11.98;2.62
Puntius lateristriga;12.96;2.57
Puntius lateristriga;11.36;2.56
Puntius lateristriga;11.64;2.58
Puntius lateristriga;15.41;2.67
Puntius lateristriga;13.56;2.56
Puntius lateristriga;14.28;2.64
Puntius lateristriga;12.09;2.66
Puntius lateristriga;13.50;2.61
Puntius lateristriga;11.91;2.65
Puntius lateristriga;14.20;2.59
Puntius lateristriga;13.31;2.56
Puntius lateristriga;14.72;2.62
Puntius lateristriga;14.06;2.65
Puntius lateristriga;12.48;2.70
Puntius lateristriga;11.41;2.66
Puntius lateristriga;13.47;2.67
Puntius lateristriga;14.24;2.67
Puntius lateristriga;12.02;2.63
Puntius lateristriga;12.75;2.59
Puntius lateristriga;15.19;2.69
Puntius lateristriga;14.44;2.68
Puntius lateristriga;13.64;2.61
Puntius lateristriga;12.09;2.72
Puntius lateristriga;13.30;2.66
Puntius lateristriga;11.71;2.60
Puntius lateristriga;13.10;2.66
Puntius lateristriga;14.08;2.66
Puntius lateristriga;13.44;2.71
Puntius lateristriga;12.84;2.64
Puntius lateristriga;12.08;2.55
Puntius lateristriga;13.75;2.61
Puntius lateristriga;14.80;2.68
Puntius lateristriga;12.35;2.61
Puntius lateristriga;14.86;2.63
Puntius lateristriga;15.01;2.66
Puntius lateristriga;12.58;2.67
Puntius lateristriga;13.65;2.62
Puntius lateristriga;12.08;2.63
Puntius lateristriga;12.84;2.63
Puntius lateristriga;13.51;2.61
Puntius lateristriga;13.41;2.55
Puntius lateristriga;14.20;2.61
Puntius lateristriga;11.23;2.65
Puntius lateristriga;12.04;2.59
Puntius lateristriga;13.45;2.63
Puntius lateristriga;12.67;2.66
Puntius lateristriga;14.37;2.67
Puntius lateristriga;11.36;2.54
Puntius lateristriga;14.47;2.63
Puntius lateristriga;11.24;2.59
Puntius lateristriga;14.30;2.66
Puntius lateristriga;13.31;2.63
Puntius lateristriga;14.51;2.62
Puntius lateristriga;13.75;2.66
Puntius lateristriga;14.25;2.66
Puntius lateristriga;14.76;2.60
Puntius lateristriga;11.54;2.60
Puntius lateristriga;12.48;2.66
Puntius lateristriga;12.00;2.68
Puntius lateristriga;13.78;2.67
Puntius lateristriga;14.03;2.68
Puntius lateristriga;11.73;2.64
Puntius lateristriga;13.48;2.62
Puntius lateristriga;13.66;2.66
Puntius lateristriga;14.30;2.64
Puntius lateristriga;12.04;2.62
Puntius lateristriga;14.19;2.66
Puntius lateristriga;14.38;2.70
Puntius lateristriga;15.16;2.70
Puntius lateristriga;12.67;2.65
Puntius lateristriga;14.47;2.72
Puntius lateristriga;10.74;2.59
Puntius lateristriga;11.44;2.61
Puntius lateristriga;13.28;2.67
Puntius lateristriga;13.07;2.64
Puntius lateristriga;13.64;2.55
Puntius lateristriga;12.90;2.69
Puntius lateristriga;14.20;2.64
Puntius lateristriga;13.95;2.61
Puntius lateristriga;12.88;2.60
Puntius lateristriga;15.22;2.69
Puntius lateristriga;12.46;2.62
Puntius lateristriga;15.22;2.65
Puntius lateristriga;13.61;2.68
Puntius lateristriga;12.16;2.63
Puntius lateristriga;11.57;2.61
Puntius lateristriga;11.94;2.71
Puntius lateristriga;12.99;2.53
Puntius lateristriga;14.86;2.71
Puntius lateristriga;11.47;2.61
Puntius lateristriga;14.89;2.67
Puntius lateristriga;15.20;2.70
Puntius lateristriga;11.07;2.60
Puntius lateristriga;14.23;2.65
Puntius lateristriga;14.10;2.61
Puntius lateristriga;15.15;2.62
Puntius lateristriga;12.52;2.62
Puntius lateristriga;11.68;2.60
Puntius lateristriga;14.51;2.63
Puntius lateristriga;11.97;2.62
Puntius lateristriga;13.72;2.67
Puntius lateristriga;13.15;2.60
Puntius lateristriga;12.76;2.63
Puntius lateristriga;14.45;2.69
Puntius lateristriga;14.15;2.63
Puntius lateristriga;13.92;2.66
Puntius lateristriga;14.65;2.65
Puntius lateristriga;11.88;2.64
Puntius lateristriga;14.04;2.64
Puntius lateristriga;14.09;2.64
Puntius lateristriga;13.74;2.65
Puntius lateristriga;13.94;2.63
Puntius lateristriga;14.83;2.63
Puntius lateristriga;11.36;2.66
Puntius lateristriga;13.61;2.62
Puntius lateristriga;13.26;2.66
Puntius lateristriga;11.48;2.67
Puntius lateristriga;13.82;2.65
Puntius lateristriga;13.34;2.60
Puntius lateristriga;14.39;2.61
Puntius lateristriga;14.24;2.71
Puntius lateristriga;10.65;2.61
Puntius lateristriga;14.06;2.61
Puntius lateristriga;11.90;2.61
Puntius lateristriga;14.17;2.70
Puntius lateristriga;11.05;2.51
Puntius lateristriga;13.18;2.58
Puntius lateristriga;13.64;2.72
Puntius lateristriga;13.97;2.61
Puntius lateristriga;14.41;2.65
Puntius lateristriga;12.77;2.56
Puntius lateristriga;10.91;2.64
Puntius lateristriga;13.56;2.58
Puntius lateristriga;12.05;2.53
Puntius lateristriga;14.01;2.59
Puntius lateristriga;12.44;2.66
Puntius lateristriga;13.45;2.64
Puntius lateristriga;14.37;2.63
Puntius lateristriga;13.73;2.65
Puntius lateristriga;13.61;2.67
Puntius lateristriga;13.01;2.65
Puntius lateristriga;14.52;2.66
Puntius lateristriga;14.76;2.60
Puntius lateristriga;12.12;2.60
Puntius lateristriga;12.90;2.60
Puntius lateristriga;14.66;2.63
Puntius lateristriga;13.17;2.68
Setipinna taty;16.77;3.03
Setipinna taty;17.35;3.11
Setipinna taty;18.01;3.16
Setipinna taty;16.47;3.15
Setipinna taty;17.43;3.21
Setipinna taty;18.23;3.20
Setipinna taty;16.58;3.04
Setipinna taty;19.25;3.14
Setipinna taty;17.27;3.14
Setipinna taty;18.46;3.32
Setipinna taty;19.33;3.14
Setipinna taty;17.53;3.12
Setipinna taty;18.16;3.11
Setipinna taty;17.67;3.07
Setipinna taty;18.26;3.06
Setipinna taty;16.06;3.25
Setipinna taty;17.50;3.12
Setipinna taty;18.34;3.40
Setipinna taty;17.83;2.91
Setipinna taty;17.65;3.21
Setipinna taty;16.29;3.25
Setipinna taty;16.98;3.19
Setipinna taty;17.68;3.11
Setipinna taty;18.02;3.12
Setipinna taty;16.69;3.10
Setipinna taty;18.00;3.19
Setipinna taty;18.93;3.19
Setipinna taty;18.71;3.07
Setipinna taty;17.08;3.28
Setipinna taty;17.51;3.13
Setipinna taty;19.06;3.17
Setipinna taty;18.08;3.11
Setipinna taty;17.28;3.07
Setipinna taty;16.85;3.30
Setipinna taty;18.63;3.15
Setipinna taty;18.90;3.19
Setipinna taty;18.16;3.06
Setipinna taty;17.85;3.07
Setipinna taty;18.20;3.06
Setipinna taty;17.59;3.23
Setipinna taty;17.66;2.98
Setipinna taty;19.02;3.21
Setipinna taty;17.47;2.93
Setipinna taty;18.50;3.26
Setipinna taty;16.09;2.80
Setipinna taty;17.84;3.07
Setipinna taty;17.20;2.92
Setipinna taty;17.01;3.06
Setipinna taty;17.54;3.18
Setipinna taty;18.49;2.89
Setipinna taty;19.16;3.04
Setipinna taty;17.47;3.06
Setipinna taty;19.12;3.08
Setipinna taty;18.65;3.13
Setipinna taty;16.55;3.20
Setipinna taty;17.11;3.05
Setipinna taty;17.98;3.16
Setipinna taty;16.89;3.12
Setipinna taty;18.67;3.27
Setipinna taty;17.57;2.89
Setipinna taty;18.48;3.07
Setipinna taty;18.78;3.08
Setipinna taty;17.16;3.14
Setipinna taty;17.51;3.04
Setipinna taty;16.28;3.00
Setipinna taty;16.43;3.06
Setipinna taty;18.40;3.11
Setipinna taty;17.26;3.04
Setipinna taty;17.55;2.93
Setipinna taty;18.32;3.18
Setipinna taty;17.99;3.06
Setipinna taty;17.87;3.15
Setipinna taty;18.01;3.00
Setipinna taty;18.37;3.16
Setipinna taty;18.06;3.09
Setipinna taty;17.93;3.24
Setipinna taty;17.44;3.20
Setipinna taty;19.08;3.04
Setipinna taty;17.80;3.09
Setipinna taty;17.85;2.94
Setipinna taty;18.40;3.26
Setipinna taty;17.23;2.91
Setipinna taty;18.91;3.22
Setipinna taty;17.42;2.94
Setipinna taty;18.94;3.36
Setipinna taty;17.73;3.09
Setipinna taty;18.57;3.26
Setipinna taty;16.69;2.95
Setipinna taty;18.51;3.18
Setipinna taty;18.44;3.07
Setipinna taty;18.05;2.80
Setipinna taty;17.42;3.09
Setipinna taty;16.41;3.17
Setipinna taty;17.32;3.25
Setipinna taty;19.06;3.33
Setipinna taty;19.01;2.89
Setipinna taty;18.31;3.04
Setipinna taty;16.83;3.09
Setipinna taty;17.43;3.25
Setipinna taty;18.38;3.02
Setipinna taty;18.01;3.26
Setipinna taty;17.79;3.03
Setipinna taty;17.33;2.98
Setipinna taty;17.65;2.99
Setipinna taty;17.74;3.05
Setipinna taty;18.21;3.13
Setipinna taty;17.87;2.93
Setipinna taty;18.63;3.04
Setipinna taty;19.06;3.15
Setipinna taty;16.88;3.12
Setipinna taty;17.46;3.15
Setipinna taty;18.65;3.16
Setipinna taty;17.59;2.83
Setipinna taty;18.29;3.26
Setipinna taty;18.58;3.15
Setipinna taty;17.70;2.97
Setipinna taty;19.18;3.20
Setipinna taty;18.17;3.19
Setipinna taty;18.00;3.03
Setipinna taty;17.17;3.05
Setipinna taty;19.10;2.97
Setipinna taty;17.80;3.22
Setipinna taty;18.11;3.17
Setipinna taty;17.50;3.17
Setipinna taty;16.23;2.91
Setipinna taty;17.45;3.12
Setipinna taty;17.68;3.15
Setipinna taty;17.90;2.99
Setipinna taty;18.60;3.08
Setipinna taty;18.82;3.19
Setipinna taty;16.89;3.04
Setipinna taty;18.97;3.18
Setipinna taty;16.80;3.17
Setipinna taty;17.07;3.04
Setipinna taty;17.60;3.17
Setipinna taty;18.83;3.27
Setipinna taty;17.70;3.26
Setipinna taty;17.27;2.94
Setipinna taty;17.23;3.18
Setipinna taty;17.62;2.90
Setipinna taty;17.94;3.09
Setipinna taty;18.49;3.05
Setipinna taty;17.53;2.94
Setipinna taty;17.13;2.93
Setipinna taty;16.98;3.03
Setipinna taty;17.00;3.18
Setipinna taty;17.36;3.10
Setipinna taty;17.47;3.15
Setipinna taty;17.70;3.27
Setipinna taty;19.36;3.00
Setipinna taty;16.85;3.21
Setipinna taty;16.08;3.13
Setipinna taty;17.99;3.13
Setipinna taty;17.84;3.11
Setipinna taty;17.75;3.24
Setipinna taty;17.94;3.13
Setipinna taty;17.72;3.07
Setipinna taty;18.01;3.23
Setipinna taty;18.00;2.97
Setipinna taty;17.15;3.08
Setipinna taty;16.43;3.04
Setipinna taty;17.62;3.18
Setipinna taty;17.82;3.28
Setipinna taty;18.06;3.06
Setipinna taty;18.03;3.12
Setipinna taty;16.65;3.05
Setipinna taty;18.09;3.26
Setipinna taty;18.35;3.01
Setipinna taty;17.31;3.10
Setipinna taty;19.48;3.35
Setipinna taty;17.54;3.13
Setipinna taty;18.49;3.13
Setipinna taty;16.77;3.18
Setipinna taty;18.48;3.14
Setipinna taty;17.61;3.25
Setipinna taty;17.11;3.11
Setipinna taty;18.28;3.10
Setipinna taty;18.91;3.04
Setipinna taty;18.45;3.25
Setipinna taty;18.45;3.30
Setipinna taty;17.66;3.27
Setipinna taty;18.34;2.95
Setipinna taty;19.07;3.21
Setipinna taty;18.31;3.07
Setipinna taty;17.65;3.11
Setipinna taty;18.74;3.16
Setipinna taty;18.36;3.38
Setipinna taty;17.87;2.97
Setipinna taty;19.09;3.30
Setipinna taty;17.86;3.20
Setipinna taty;16.67;3.02
Setipinna taty;17.15;2.84
Setipinna taty;16.95;3.04
Setipinna taty;18.88;3.20
Setipinna taty;17.68;2.83
Setipinna taty;18.84;3.08
Setipinna taty;17.04;3.08
Setipinna taty;18.32;3.22
Setipinna taty;17.63;3.14
Setipinna taty;17.30;3.02
Setipinna taty;16.72;3.20
Setipinna taty;18.57;3.05
Setipinna taty;17.73;2.95
Setipinna taty;16.62;3.07
Setipinna taty;18.53;3.00
Setipinna taty;17.81;3.07
Setipinna taty;17.97;3.18
Setipinna taty;17.34;3.06
Setipinna taty;16.74;3.07
Setipinna taty;18.07;3.04
Setipinna taty;18.04;3.14
Setipinna taty;18.19;2.95
Setipinna taty;17.76;3.08
Setipinna taty;18.65;3.14
Setipinna taty;16.18;3.01
Setipinna taty;17.64;3.12
Setipinna taty;17.99;3.03
Setipinna taty;17.63;3.07
Setipinna taty;18.93;3.12
Setipinna taty;17.81;3.20
Setipinna taty;16.44;2.96
Setipinna taty;17.84;2.98
Setipinna taty;18.08;3.03
Setipinna taty;17.53;3.00
Setipinna taty;17.35;3.11
Setipinna taty;18.53;3.11
Setipinna taty;16.94;3.01
Setipinna taty;19.30;3.10
Setipinna taty;17.51;3.11
Setipinna taty;16.55;3.09
Setipinna taty;18.24;3.07
Setipinna taty;18.41;3.07
Setipinna taty;17.82;3.17
Setipinna taty;18.71;3.18
Setipinna taty;17.14;2.94
Setipinna taty;18.05;3.05
Setipinna taty;18.16;3.16
Setipinna taty;17.98;3.22
Setipinna taty;17.51;2.99
Setipinna taty;18.59;3.22
Setipinna taty;18.09;3.10
Setipinna taty;18.09;3.18
Setipinna taty;17.43;3.10
Setipinna taty;19.02;3.20
Setipinna taty;17.51;3.17
Setipinna taty;17.90;3.18
Setipinna taty;17.56;3.14
Setipinna taty;18.19;3.17
Setipinna taty;18.29;3.22
Setipinna taty;17.15;2.96
Setipinna taty;17.75;3.07
Setipinna taty;18.04;3.08
Setipinna taty;17.72;3.05
Setipinna taty;18.36;3.13
Setipinna taty;18.15;3.06
Setipinna taty;17.70;2.82
Setipinna taty;17.72;3.15
Setipinna taty;16.85;3.25
Setipinna taty;16.88;3.12
Setipinna taty;18.00;3.06
Setipinna taty;16.16;3.07
Setipinna taty;15.93;2.99
Setipinna taty;18.80;3.28
Setipinna taty;18.10;3.18
Setipinna taty;17.78;3.00
Setipinna taty;18.48;2.97
Setipinna taty;16.84;3.01
Setipinna taty;18.61;3.11
Setipinna taty;16.81;3.01
Setipinna taty;16.36;3.06
Setipinna taty;18.46;3.31
Setipinna taty;19.20;3.28
Setipinna taty;18.04;3.09
Setipinna taty;18.28;3.04
Setipinna taty;17.43;3.06
Setipinna taty;18.34;3.15
Setipinna taty;17.30;3.15
Setipinna taty;16.86;3.01
Setipinna taty;18.66;3.21
Setipinna taty;16.55;3.12
Setipinna taty;19.28;3.18
Setipinna taty;18.25;3.10
Setipinna taty;17.98;3.00
Setipinna taty;18.21;3.24
Setipinna taty;17.64;2.90
Setipinna taty;18.87;3.15
Setipinna taty;18.54;3.28
Setipinna taty;18.57;3.11
Setipinna taty;17.23;3.10
Setipinna taty;17.60;2.95
Setipinna taty;18.00;3.16
Setipinna taty;17.06;3.33
Setipinna taty;16.80;3.09
Setipinna taty;18.40;3.03
Setipinna taty;18.98;3.05
Setipinna taty;16.59;3.03
Setipinna taty;17.55;2.95
Setipinna taty;17.38;3.10
Setipinna taty;17.17;2.97
Setipinna taty;17.67;3.24
Setipinna taty;17.97;3.14
Setipinna taty;18.10;2.97
Setipinna taty;16.17;3.02
Setipinna taty;17.63;2.77
Setipinna taty;16.55;3.02
Setipinna taty;18.23;2.98
Setipinna taty;18.98;3.06
Setipinna taty;18.12;3.05
Setipinna taty;18.92;3.11
Setipinna taty;18.93;3.02
Setipinna taty;17.90;3.05
Setipinna taty;17.78;2.99
Setipinna taty;19.25;3.21
Setipinna taty;17.81;3.15
Setipinna taty;17.95;3.06
Setipinna taty;18.53;3.16
Setipinna taty;16.54;2.95
Setipinna taty;17.98;2.91
Setipinna taty;17.47;3.18
Setipinna taty;18.39;2.94
Setipinna taty;17.40;3.22
Setipinna taty;17.70;3.16
Setipinna taty;18.37;3.19
Setipinna taty;16.80;3.17
Setipinna taty;17.86;3.12
Setipinna taty;16.73;3.16
Setipinna taty;18.10;2.88
Setipinna taty;17.96;3.02
Setipinna taty;18.62;3.12
Setipinna taty;18.48;3.01
Setipinna taty;18.26;3.36
Setipinna taty;18.75;3.11
Setipinna taty;17.58;3.20
Setipinna taty;17.35;3.06
Setipinna taty;18.95;3.32
Setipinna taty;17.06;3.08
Setipinna taty;18.40;3.15
Setipinna taty;18.18;2.98
Setipinna taty;17.93;3.05
Setipinna taty;17.41;3.25
Setipinna taty;18.25;3.09
Setipinna taty;18.06;3.03
Setipinna taty;17.72;3.34
Setipinna taty;16.43;3.04
Setipinna taty;17.89;3.09
Setipinna taty;17.96;3.15
Setipinna taty;17.74;2.89
Setipinna taty;18.54;2.96
Setipinna taty;17.55;3.11
Setipinna taty;17.25;3.07
Setipinna taty;17.83;3.05
Setipinna taty;18.62;3.09
Setipinna taty;17.66;3.10
Setipinna taty;16.10;3.08
Setipinna taty;19.03;3.41
Setipinna taty;18.46;3.06
Setipinna taty;17.05;2.98
Setipinna taty;17.72;3.21
Setipinna taty;17.35;2.98
Setipinna taty;16.37;2.85
Setipinna taty;17.74;2.94
Setipinna taty;17.89;3.28
Setipinna taty;18.45;3.30
Setipinna taty;18.43;3.10
Setipinna taty;17.25;3.10
Setipinna taty;18.28;3.11
Setipinna taty;17.35;3.03
Setipinna taty;18.74;3.05
Setipinna taty;18.08;2.95
Setipinna taty;18.25;3.12
Setipinna taty;17.42;2.97
Setipinna taty;17.51;3.12
Setipinna taty;18.94;2.96
Setipinna taty;17.26;3.22
Setipinna taty;18.91;3.32
Setipinna taty;18.75;3.28
Setipinna taty;18.49;3.10
Setipinna taty;18.69;3.26
Setipinna taty;18.13;3.07
Setipinna taty;15.98;3.10
Setipinna taty;16.70;2.99
Setipinna taty;16.67;2.96
Setipinna taty;18.64;3.11
Setipinna taty;17.99;2.98
Setipinna taty;18.06;3.33
Setipinna taty;17.39;2.98
Setipinna taty;17.19;3.21
Setipinna taty;16.54;2.99
Setipinna taty;18.14;3.24
Setipinna taty;16.99;3.04
Setipinna taty;17.63;3.20
Setipinna taty;19.26;3.17
Setipinna taty;16.75;3.04
Setipinna taty;17.88;3.30
Setipinna taty;18.30;3.15
Setipinna taty;18.22;3.11
Setipinna taty;16.55;3.06
Setipinna taty;18.13;3.09
Setipinna taty;17.64;3.11
Setipinna taty;17.52;2.99
Setipinna taty;18.47;3.03
Setipinna taty;17.27;3.16
Setipinna taty;16.94;3.00
Setipinna taty;17.16;2.87
Setipinna taty;17.80;3.03
Setipinna taty;18.20;3.05
Setipinna taty;17.49;3.09
Setipinna taty;16.53;3.09
Setipinna taty;18.84;3.13
Setipinna taty;17.69;3.15
Setipinna taty;18.90;3.00
Setipinna taty;18.81;3.03
Setipinna taty;17.89;3.08
Setipinna taty;17.43;3.14
Setipinna taty;17.26;3.12
Setipinna taty;17.48;3.16
Setipinna taty;17.94;2.98
Setipinna taty;17.31;3.29
Setipinna taty;17.16;3.16
Setipinna taty;16.68;3.10
Setipinna taty;18.00;3.36
Setipinna taty;16.06;3.11
Setipinna taty;16.14;2.98
Setipinna taty;18.50;3.28
Setipinna taty;17.24;3.17
Setipinna taty;17.72;3.24
Setipinna taty;18.51;3.08
Setipinna taty;17.41;3.05
Setipinna taty;17.63;3.16
Setipinna taty;18.99;3.28
Setipinna taty;16.87;3.03
Setipinna taty;19.01;2.90
Setipinna taty;18.09;3.16
Setipinna taty;18.01;3.15
Setipinna taty;19.16;3.07
Setipinna taty;18.33;3.03
Setipinna taty;17.78;3.13
Setipinna taty;17.51;2.85
Setipinna taty;17.26;3.03
Setipinna taty;17.27;3.23
Setipinna taty;17.28;2.99
Setipinna taty;17.72;3.10
Setipinna taty;17.77;3.04
Setipinna taty;16.85;3.02
Setipinna taty;17.13;3.19
Setipinna taty;18.75;2.93
Setipinna taty;17.74;3.28
Setipinna taty;18.74;3.10
Setipinna taty;16.79;3.05
Setipinna taty;18.96;3.27
Setipinna taty;16.99;3.00
Setipinna taty;17.08;3.09
Setipinna taty;18.03;3.10
Setipinna taty;16.56;3.05
Setipinna taty;18.27;2.98
Setipinna taty;17.23;2.95
Setipinna taty;17.53;3.30
Setipinna taty;19.28;3.10
Setipinna taty;17.98;3.02
Setipinna taty;18.64;3.32
Setipinna taty;18.92;3.04
Setipinna taty;16.81;3.04
Setipinna taty;17.98;3.14
Setipinna taty;17.78;3.17
Setipinna taty;18.56;3.11
Setipinna taty;16.06;2.87
Setipinna taty;18.45;3.00
Setipinna taty;17.65;3.07
Setipinna taty;18.41;3.13
Setipinna taty;15.99;3.11
Setipinna taty;16.70;2.97
Setipinna taty;18.12;3.12
Setipinna taty;18.54;3.27
Setipinna taty;18.35;3.01
Setipinna taty;17.90;3.39
Setipinna taty;17.98;3.17
Setipinna taty;17.23;3.20
Setipinna taty;19.01;3.04
Setipinna taty;17.97;3.35
Setipinna taty;18.03;3.04
Sillaginopsis panijus;32.52;6.23
Sillaginopsis panijus;30.18;6.13
Sillaginopsis panijus;28.61;6.04
Sillaginopsis panijus;28.38;6.08
Sillaginopsis panijus;30.09;6.09
Sillaginopsis panijus;31.94;6.15
Sillaginopsis panijus;31.90;6.15
Sillaginopsis panijus;28.14;6.05
Sillaginopsis panijus;31.92;6.19
Sillaginopsis panijus;33.85;6.27
Sillaginopsis panijus;28.27;6.03
Sillaginopsis panijus;28.64;6.09
Sillaginopsis panijus;32.11;6.17
Sillaginopsis panijus;31.87;6.15
Sillaginopsis panijus;28.69;6.08
Sillaginopsis panijus;28.31;6.06
Sillaginopsis panijus;31.71;6.17
Sillaginopsis panijus;29.89;6.10
Sillaginopsis panijus;30.46;6.13
Sillaginopsis panijus;29.50;6.16
Sillaginopsis panijus;31.42;6.13
Sillaginopsis panijus;31.24;6.14
Sillaginopsis panijus;29.54;6.11
Sillaginopsis panijus;32.48;6.18
Sillaginopsis panijus;32.27;6.21
Sillaginopsis panijus;30.40;6.13
Sillaginopsis panijus;29.40;6.07
Sillaginopsis panijus;32.72;6.20
Sillaginopsis panijus;30.43;6.10
Sillaginopsis panijus;30.85;6.16
Sillaginopsis panijus;29.66;6.09
Sillaginopsis panijus;29.65;6.10
Sillaginopsis panijus;31.09;6.12
Sillaginopsis panijus;29.72;6.05
Sillaginopsis panijus;33.06;6.21
Sillaginopsis panijus;33.20;6.23
Sillaginopsis panijus;28.15;6.07
Sillaginopsis panijus;30.39;6.07
Sillaginopsis panijus;29.87;6.15
Sillaginopsis panijus;29.65;6.12
Sillaginopsis panijus;31.97;6.18
Sillaginopsis panijus;29.20;6.04
Sillaginopsis panijus;28.91;6.03
Sillaginopsis panijus;31.86;6.16
Sillaginopsis panijus;28.47;6.04
Sillaginopsis panijus;29.93;6.09
Sillaginopsis panijus;29.96;6.13
Sillaginopsis panijus;32.87;6.23
Sillaginopsis panijus;29.28;6.10
Sillaginopsis panijus;29.61;6.11
Sillaginopsis panijus;33.07;6.20
Sillaginopsis panijus;28.50;6.07
Sillaginopsis panijus;28.06;6.11
Sillaginopsis panijus;33.66;6.22
Sillaginopsis panijus;33.15;6.22
Sillaginopsis panijus;32.01;6.20
Sillaginopsis panijus;30.40;6.12
Sillaginopsis panijus;29.83;6.07
Sillaginopsis panijus;31.97;6.16
Sillaginopsis panijus;31.04;6.12
Sillaginopsis panijus;31.38;6.16
Sillaginopsis panijus;32.23;6.17
Sillaginopsis panijus;32.78;6.15
Sillaginopsis panijus;30.52;6.13
Sillaginopsis panijus;32.23;6.14
Sillaginopsis panijus;30.43;6.14
Sillaginopsis panijus;30.93;6.11
Sillaginopsis panijus;32.19;6.19
Sillaginopsis panijus;32.02;6.18
Sillaginopsis panijus;31.21;6.16
Sillaginopsis panijus;31.47;6.15
Sillaginopsis panijus;33.26;6.26
Sillaginopsis panijus;31.03;6.14
Sillaginopsis panijus;29.21;6.05
Sillaginopsis panijus;30.70;6.12
Sillaginopsis panijus;32.00;6.22
Sillaginopsis panijus;30.15;6.13
Sillaginopsis panijus;31.56;6.19
Sillaginopsis panijus;28.19;6.07
Sillaginopsis panijus;30.72;6.10
Sillaginopsis panijus;32.58;6.15
Sillaginopsis panijus;31.61;6.16
Sillaginopsis panijus;31.93;6.19
Sillaginopsis panijus;29.73;6.13
Sillaginopsis panijus;30.92;6.13
Sillaginopsis panijus;30.12;6.08
Sillaginopsis panijus;30.26;6.11
Sillaginopsis panijus;29.19;6.05
Sillaginopsis panijus;30.01;6.12
Sillaginopsis panijus;31.23;6.19
Sillaginopsis panijus;28.65;6.06
Sillaginopsis panijus;31.55;6.16
Sillaginopsis panijus;32.59;6.24
Sillaginopsis panijus;32.58;6.22
Sillaginopsis panijus;32.66;6.16
Sillaginopsis panijus;31.92;6.16
Sillaginopsis panijus;32.12;6.12
Sillaginopsis panijus;33.86;6.23
Sillaginopsis panijus;32.59;6.20
Sillaginopsis panijus;31.76;6.17
Sillaginopsis panijus;33.05;6.22
Sillaginopsis panijus;33.17;6.20
Sillaginopsis panijus;32.42;6.25
Sillaginopsis panijus;30.90;6.16
Sillaginopsis panijus;32.25;6.21
Sillaginopsis panijus;31.03;6.20
Sillaginopsis panijus;29.92;6.12
Sillaginopsis panijus;28.18;6.02
Sillaginopsis panijus;29.22;6.11
Sillaginopsis panijus;29.01;6.08
Sillaginopsis panijus;32.56;6.19
Sillaginopsis panijus;33.45;6.27
Sillaginopsis panijus;31.37;6.13
Sillaginopsis panijus;30.26;6.11
Sillaginopsis panijus;29.78;6.11
Sillaginopsis panijus;33.07;6.23
Sillaginopsis panijus;31.83;6.14
Sillaginopsis panijus;32.68;6.22
Sillaginopsis panijus;29.43;6.09
Sillaginopsis panijus;30.29;6.12
Sillaginopsis panijus;30.73;6.10
Sillaginopsis panijus;30.99;6.19
Sillaginopsis panijus;31.23;6.14
Sillaginopsis panijus;32.10;6.18
Sillaginopsis panijus;29.95;6.10
Sillaginopsis panijus;29.04;6.05
Sillaginopsis panijus;32.71;6.18
Sillaginopsis panijus;29.94;6.14
Sillaginopsis panijus;33.03;6.22
Sillaginopsis panijus;31.28;6.13
Sillaginopsis panijus;30.80;6.16
Sillaginopsis panijus;32.40;6.17
Sillaginopsis panijus;31.73;6.15
Sillaginopsis panijus;30.78;6.14
Sillaginopsis panijus;32.51;6.21
Sillaginopsis panijus;32.66;6.24
Sillaginopsis panijus;31.44;6.18
Sillaginopsis panijus;32.97;6.20
Sillaginopsis panijus;30.24;6.07
Sillaginopsis panijus;31.77;6.21
Sillaginopsis panijus;30.92;6.13
Sillaginopsis panijus;31.67;6.17
Sillaginopsis panijus;30.54;6.11
Sillaginopsis panijus;31.63;6.21
Sillaginopsis panijus;28.68;6.06
Sillaginopsis panijus;33.23;6.20
Sillaginopsis panijus;32.01;6.27
Sillaginopsis panijus;29.70;6.11
Sillaginopsis panijus;33.82;6.21
Sillaginopsis panijus;32.18;6.19
Sillaginopsis panijus;30.07;6.16
Sillaginopsis panijus;32.26;6.15
Sillaginopsis panijus;33.61;6.21
Sillaginopsis panijus;29.16;6.09
Sillaginopsis panijus;31.10;6.16
Sillaginopsis panijus;30.14;6.15
Sillaginopsis panijus;33.35;6.26
Sillaginopsis panijus;31.73;6.14
Sillaginopsis panijus;32.08;6.24
Sillaginopsis panijus;31.11;6.10
Sillaginopsis panijus;30.16;6.09
Sillaginopsis panijus;31.60;6.17
Sillaginopsis panijus;33.09;6.20
Sillaginopsis panijus;32.55;6.10
Sillaginopsis panijus;30.03;6.11
Sillaginopsis panijus;29.85;6.09
Sillaginopsis panijus;29.97;6.11
Sillaginopsis panijus;29.23;6.10
Sillaginopsis panijus;31.37;6.19
Sillaginopsis panijus;29.41;6.09
Sillaginopsis panijus;29.63;6.10
Sillaginopsis panijus;29.13;6.10
Sillaginopsis panijus;27.75;6.01
Sillaginopsis panijus;32.18;6.22
Sillaginopsis panijus;30.31;6.13
Sillaginopsis panijus;31.04;6.17
Sillaginopsis panijus;32.82;6.21
Sillaginopsis panijus;29.99;6.09
Sillaginopsis panijus;31.16;6.14
Sillaginopsis panijus;33.19;6.20
Sillaginopsis panijus;29.75;6.12
Sillaginopsis panijus;29.99;6.11
Sillaginopsis panijus;30.20;6.18
Sillaginopsis panijus;28.77;6.07
Sillaginopsis panijus;33.84;6.19
Sillaginopsis panijus;31.10;6.12
Sillaginopsis panijus;33.29;6.21
Sillaginopsis panijus;30.94;6.11
Sillaginopsis panijus;30.16;6.09
Sillaginopsis panijus;32.13;6.18
Sillaginopsis panijus;30.76;6.13
Sillaginopsis panijus;30.75;6.17
Sillaginopsis panijus;33.47;6.26
Sillaginopsis panijus;33.25;6.18
Sillaginopsis panijus;29.84;6.03
Sillaginopsis panijus;31.17;6.15
Sillaginopsis panijus;31.22;6.19
Sillaginopsis panijus;29.24;6.10
Sillaginopsis panijus;32.68;6.14
Sillaginopsis panijus;31.96;6.18
Sillaginopsis panijus;30.89;6.10
Sillaginopsis panijus;31.40;6.18
Sillaginopsis panijus;31.91;6.23
Sillaginopsis panijus;27.76;6.01
Sillaginopsis panijus;30.65;6.17
Sillaginopsis panijus;30.92;6.12
Sillaginopsis panijus;30.94;6.16
Sillaginopsis panijus;31.22;6.18
Sillaginopsis panijus;31.90;6.18
Sillaginopsis panijus;31.25;6.15
Sillaginopsis panijus;29.78;6.10
Sillaginopsis panijus;30.96;6.11
Sillaginopsis panijus;32.06;6.18
Sillaginopsis panijus;30.97;6.14
Sillaginopsis panijus;31.60;6.16
Sillaginopsis panijus;32.43;6.20
Sillaginopsis panijus;31.02;6.11
Sillaginopsis panijus;31.38;6.12
Sillaginopsis panijus;30.11;6.14
Sillaginopsis panijus;33.57;6.17
Sillaginopsis panijus;31.32;6.14
Sillaginopsis panijus;29.79;6.09
Sillaginopsis panijus;31.83;6.13
Sillaginopsis panijus;32.15;6.13
Sillaginopsis panijus;28.81;6.10
Sillaginopsis panijus;28.19;6.07
Sillaginopsis panijus;31.03;6.14
Sillaginopsis panijus;29.88;6.12
Sillaginopsis panijus;32.82;6.18
Sillaginopsis panijus;31.17;6.17
Sillaginopsis panijus;31.18;6.20
Sillaginopsis panijus;32.91;6.17
Sillaginopsis panijus;30.53;6.15
Sillaginopsis panijus;31.59;6.10
Sillaginopsis panijus;28.26;6.05
Sillaginopsis panijus;31.04;6.16
Sillaginopsis panijus;31.20;6.16
Sillaginopsis panijus;33.32;6.20
Sillaginopsis panijus;29.78;6.08
Sillaginopsis panijus;29.60;6.10
Sillaginopsis panijus;30.74;6.13
Sillaginopsis panijus;31.36;6.14
Sillaginopsis panijus;32.31;6.13
Sillaginopsis panijus;31.51;6.16
Sillaginopsis panijus;31.47;6.19
Sillaginopsis panijus;30.93;6.11
Sillaginopsis panijus;31.55;6.23
Sillaginopsis panijus;31.56;6.12
Sillaginopsis panijus;29.72;6.11
Sillaginopsis panijus;31.55;6.12
Sillaginopsis panijus;32.75;6.17
Sillaginopsis panijus;31.29;6.16
Sillaginopsis panijus;30.81;6.15
Sillaginopsis panijus;30.07;6.12
Sillaginopsis panijus;32.40;6.17
Sillaginopsis panijus;30.57;6.13
Sillaginopsis panijus;32.84;6.17
Sillaginopsis panijus;32.94;6.19
Sillaginopsis panijus;30.39;6.13
Sillaginopsis panijus;30.79;6.09
Sillaginopsis panijus;32.97;6.19
Sillaginopsis panijus;30.05;6.11
Sillaginopsis panijus;29.15;6.05
Sillaginopsis panijus;32.09;6.15
Sillaginopsis panijus;31.26;6.14
Sillaginopsis panijus;33.39;6.23
Sillaginopsis panijus;28.56;6.05
Sillaginopsis panijus;31.32;6.13
Sillaginopsis panijus;32.61;6.16
Sillaginopsis panijus;31.00;6.15
Sillaginopsis panijus;32.03;6.20
Sillaginopsis panijus;30.86;6.13
Sillaginopsis panijus;30.11;6.07
Sillaginopsis panijus;32.15;6.21
Sillaginopsis panijus;29.63;6.09
Sillaginopsis panijus;31.90;6.14
Sillaginopsis panijus;32.82;6.21
Sillaginopsis panijus;32.82;6.22
Sillaginopsis panijus;30.57;6.12
Sillaginopsis panijus;29.46;6.10
Sillaginopsis panijus;30.16;6.15
Sillaginopsis panijus;28.74;6.08
Sillaginopsis panijus;28.47;6.05
Sillaginopsis panijus;30.72;6.10
Sillaginopsis panijus;31.17;6.12
Sillaginopsis panijus;32.09;6.16
Sillaginopsis panijus;31.81;6.15
Sillaginopsis panijus;32.40;6.19
Sillaginopsis panijus;31.23;6.16
Sillaginopsis panijus;31.82;6.10
Sillaginopsis panijus;30.88;6.18
Sillaginopsis panijus;30.93;6.10
Sillaginopsis panijus;28.91;6.10
Sillaginopsis panijus;28.87;6.05
Sillaginopsis panijus;31.91;6.18
Sillaginopsis panijus;30.53;6.14
Sillaginopsis panijus;32.34;6.18
Sillaginopsis panijus;32.61;6.16
Sillaginopsis panijus;32.29;6.16
Sillaginopsis panijus;30.11;6.14
Sillaginopsis panijus;29.06;6.09
Sillaginopsis panijus;30.85;6.13
Sillaginopsis panijus;30.88;6.11
Sillaginopsis panijus;31.12;6.14
Sillaginopsis panijus;33.31;6.19
Sillaginopsis panijus;31.20;6.15
Sillaginopsis panijus;31.45;6.17
Sillaginopsis panijus;30.88;6.15
Sillaginopsis panijus;31.59;6.20
Sillaginopsis panijus;32.64;6.19
Sillaginopsis panijus;29.90;6.15
Sillaginopsis panijus;31.01;6.14
Sillaginopsis panijus;29.77;6.05
Sillaginopsis panijus;32.59;6.14
Sillaginopsis panijus;29.94;6.06
Sillaginopsis panijus;28.15;6.08
Sillaginopsis panijus;31.64;6.11
Sillaginopsis panijus;31.78;6.10
Sillaginopsis panijus;31.23;6.15
Sillaginopsis panijus;30.99;6.12
Sillaginopsis panijus;32.39;6.25
Sillaginopsis panijus;31.61;6.18
Sillaginopsis panijus;31.97;6.18
Sillaginopsis panijus;31.44;6.14
Sillaginopsis panijus;32.27;6.21
Sillaginopsis panijus;33.11;6.18
Sillaginopsis panijus;31.77;6.16
Sillaginopsis panijus;30.66;6.15
Sillaginopsis panijus;31.00;6.15
Sillaginopsis panijus;30.25;6.08
Sillaginopsis panijus;29.73;6.12
Sillaginopsis panijus;32.08;6.15
Sillaginopsis panijus;31.04;6.15
Sillaginopsis panijus;31.04;6.17
Sillaginopsis panijus;32.54;6.20
Sillaginopsis panijus;32.07;6.18
Sillaginopsis panijus;30.99;6.19
Sillaginopsis panijus;31.52;6.15
Sillaginopsis panijus;28.92;6.11
Sillaginopsis panijus;30.49;6.10
Sillaginopsis panijus;31.51;6.17
Sillaginopsis panijus;28.65;6.08
Sillaginopsis panijus;32.09;6.23
Sillaginopsis panijus;29.35;6.07
Sillaginopsis panijus;31.58;6.18
Sillaginopsis panijus;28.62;6.03
Sillaginopsis panijus;33.33;6.23
Sillaginopsis panijus;29.12;6.08
Sillaginopsis panijus;31.29;6.14
Sillaginopsis panijus;30.27;6.12
Sillaginopsis panijus;32.69;6.18
Sillaginopsis panijus;32.21;6.18
Sillaginopsis panijus;33.18;6.21
Sillaginopsis panijus;32.51;6.22
Sillaginopsis panijus;32.87;6.19
Sillaginopsis panijus;31.25;6.14
Sillaginopsis panijus;30.60;6.12
Sillaginopsis panijus;31.17;6.12
Sillaginopsis panijus;29.92;6.08
Sillaginopsis panijus;30.79;6.12
Sillaginopsis panijus;31.43;6.18
Sillaginopsis panijus;32.06;6.19
Sillaginopsis panijus;29.85;6.11
Sillaginopsis panijus;31.03;6.10
Sillaginopsis panijus;32.82;6.20
Sillaginopsis panijus;31.57;6.20
Sillaginopsis panijus;31.14;6.18
Sillaginopsis panijus;29.58;6.09
Sillaginopsis panijus;28.42;6.05
Sillaginopsis panijus;31.77;6.15
Sillaginopsis panijus;32.97;6.19
Sillaginopsis panijus;30.77;6.09
Sillaginopsis panijus;32.49;6.19
Sillaginopsis panijus;31.06;6.16
Sillaginopsis panijus;28.86;6.07
Sillaginopsis panijus;31.32;6.14
Sillaginopsis panijus;32.20;6.21
Sillaginopsis panijus;29.97;6.06
Sillaginopsis panijus;33.00;6.18
Sillaginopsis panijus;31.47;6.13
Sillaginopsis panijus;33.16;6.19
Sillaginopsis panijus;31.92;6.15
Sillaginopsis panijus;31.10;6.18
Sillaginopsis panijus;29.00;6.07
Sillaginopsis panijus;32.55;6.19
Sillaginopsis panijus;31.36;6.18
Sillaginopsis panijus;31.59;6.18
Sillaginopsis panijus;28.17;6.05
Sillaginopsis panijus;31.30;6.12
Sillaginopsis panijus;30.99;6.11
Sillaginopsis panijus;30.36;6.14
Sillaginopsis panijus;33.36;6.29
Sillaginopsis panijus;28.83;6.06
Sillaginopsis panijus;31.51;6.16
Sillaginopsis panijus;29.95;6.10
Sillaginopsis panijus;31.81;6.20
Sillaginopsis panijus;31.89;6.12
Sillaginopsis panijus;32.73;6.17
Sillaginopsis panijus;30.07;6.17
Sillaginopsis panijus;30.10;6.13
Sillaginopsis panijus;29.54;6.11
Sillaginopsis panijus;31.07;6.15
Sillaginopsis panijus;29.91;6.08
Sillaginopsis panijus;32.28;6.22
Sillaginopsis panijus;31.44;6.14
Sillaginopsis panijus;29.79;6.06
Sillaginopsis panijus;30.61;6.11
Sillaginopsis panijus;31.77;6.18
Sillaginopsis panijus;32.38;6.16
Sillaginopsis panijus;28.68;6.05
Sillaginopsis panijus;33.14;6.21
Sillaginopsis panijus;31.17;6.17
Sillaginopsis panijus;32.03;6.19
Sillaginopsis panijus;32.40;6.26
Sillaginopsis panijus;30.03;6.08
Sillaginopsis panijus;29.17;6.05
Sillaginopsis panijus;32.10;6.21
Sillaginopsis panijus;31.34;6.17
Sillaginopsis panijus;27.99;6.05
Sillaginopsis panijus;31.33;6.17
Sillaginopsis panijus;30.39;6.09
Sillaginopsis panijus;32.24;6.14
Sillaginopsis panijus;32.37;6.23
Sillaginopsis panijus;30.44;6.10
Sillaginopsis panijus;29.96;6.12
Sillaginopsis panijus;28.86;6.09
Sillaginopsis panijus;30.61;6.12
Sillaginopsis panijus;32.60;6.20
Sillaginopsis panijus;31.74;6.15
Sillaginopsis panijus;29.63;6.06
Sillaginopsis panijus;31.96;6.19
Sillaginopsis panijus;31.33;6.15
Sillaginopsis panijus;32.32;6.19
Sillaginopsis panijus;31.43;6.13
Sillaginopsis panijus;29.44;6.07
Sillaginopsis panijus;32.35;6.18
Sillaginopsis panijus;29.66;6.08
Sillaginopsis panijus;30.89;6.18
Sillaginopsis panijus;31.50;6.14
Sillaginopsis panijus;29.92;6.13
Sillaginopsis panijus;32.83;6.20
Sillaginopsis panijus;29.48;6.11
Sillaginopsis panijus;31.22;6.15
Sillaginopsis panijus;31.73;6.16
Sillaginopsis panijus;29.28;6.10
Sillaginopsis panijus;30.84;6.14
Sillaginopsis panijus;31.46;6.14
Sillaginopsis panijus;32.27;6.20
Sillaginopsis panijus;30.56;6.11
Sillaginopsis panijus;30.61;6.08
Sillaginopsis panijus;30.56;6.12
Sillaginopsis panijus;29.66;6.11
Sillaginopsis panijus;32.81;6.25
Sillaginopsis panijus;29.78;6.11
Sillaginopsis panijus;31.62;6.14